-- --------------------------------------------------------
-- Host:                         193.227.198.214
-- Szerver verzió:               10.11.13-MariaDB-0ubuntu0.24.04.1 - Ubuntu 24.04
-- Szerver OS:                   debian-linux-gnu
-- HeidiSQL Verzió:              11.3.0.6295
-- --------------------------------------------------------

/*!40101 SET @OLD_CHARACTER_SET_CLIENT=@@CHARACTER_SET_CLIENT */;
/*!40101 SET NAMES utf8 */;
/*!50503 SET NAMES utf8mb4 */;
/*!40014 SET @OLD_FOREIGN_KEY_CHECKS=@@FOREIGN_KEY_CHECKS, FOREIGN_KEY_CHECKS=0 */;
/*!40101 SET @OLD_SQL_MODE=@@SQL_MODE, SQL_MODE='NO_AUTO_VALUE_ON_ZERO' */;
/*!40111 SET @OLD_SQL_NOTES=@@SQL_NOTES, SQL_NOTES=0 */;


-- Adatbázis struktúra mentése a 2021SZ_reczeg_david.
CREATE DATABASE IF NOT EXISTS `2021SZ_reczeg_david` /*!40100 DEFAULT CHARACTER SET utf8mb4 COLLATE utf8mb4_general_ci */;
USE `2021SZ_reczeg_david`;

-- Struktúra mentése tábla 2021SZ_reczeg_david. Alfeladat
CREATE TABLE IF NOT EXISTS `Alfeladat` (
  `id` int(11) NOT NULL AUTO_INCREMENT,
  `Leiras` text NOT NULL,
  `FeladatId` int(11) NOT NULL,
  `FajlId` int(11) DEFAULT NULL,
  `Pont` int(11) NOT NULL,
  PRIMARY KEY (`id`)
) ENGINE=InnoDB AUTO_INCREMENT=249 DEFAULT CHARSET=utf8mb4 COLLATE=utf8mb4_general_ci;

-- Tábla adatainak mentése 2021SZ_reczeg_david.Alfeladat: ~44 rows (hozzávetőleg)
DELETE FROM `Alfeladat`;
/*!40000 ALTER TABLE `Alfeladat` DISABLE KEYS */;
INSERT INTO `Alfeladat` (`id`, `Leiras`, `FeladatId`, `FajlId`, `Pont`) VALUES
	(185, '23223', 261, NULL, 2323),
	(188, '1', 1, NULL, 1),
	(189, '2', 266, NULL, 2),
	(190, '2', 266, NULL, 2),
	(191, '3', 267, NULL, 3),
	(192, '4', 268, NULL, 4),
	(193, '4', 268, NULL, 4),
	(194, '6', 270, NULL, 6),
	(195, '6', 271, NULL, 6),
	(196, '7', 272, NULL, 7),
	(197, '7', 272, NULL, 7),
	(198, '8', 273, 76, 8),
	(199, '8', 273, NULL, 8),
	(200, '8', 273, NULL, 8),
	(201, '9', 274, NULL, 9),
	(202, '10', 277, 75, 10),
	(203, 'nyolc', 278, 42, 7),
	(205, '7', 280, 44, 6),
	(206, 'nyisd meg', 281, 45, 10),
	(207, '7', 282, 46, 6),
	(208, 'ads', 283, NULL, 34),
	(209, 'baka', 285, 49, 10),
	(210, 'Oldja meg a feladatokat!', 286, 50, 10),
	(211, 'nyolc', 287, 51, 10),
	(212, '2345', 288, 52, 23),
	(213, 'Ugorj le', 289, 53, 45),
	(214, 'baka', 290, 54, 10),
	(215, 'oldjad meg ezeket a feladatokat', 291, 55, 20),
	(216, '34', 296, 56, 34),
	(217, '2', 298, 72, 2),
	(218, '3', 298, 73, 3),
	(219, 'sdf', 298, 74, 3),
	(220, 'sdf', 298, NULL, 45),
	(231, 'l', 298, NULL, 9),
	(239, 'niggers are bad', 1, 82, 30),
	(240, '100', 303, NULL, 10),
	(241, 'dsf', 1, NULL, 34),
	(242, '1', 303, NULL, 1),
	(243, 'niggers are bad', 303, NULL, 4),
	(244, '2', 303, NULL, 2),
	(245, 'niggerrerererere', 1, NULL, 546456),
	(246, 's', 1, NULL, 4),
	(247, 'd', 303, NULL, 4),
	(248, '4', 1, NULL, 4);
/*!40000 ALTER TABLE `Alfeladat` ENABLE KEYS */;

-- Struktúra mentése tábla 2021SZ_reczeg_david. Fajl
CREATE TABLE IF NOT EXISTS `Fajl` (
  `Id` int(11) NOT NULL AUTO_INCREMENT,
  `Meret` int(11) DEFAULT NULL,
  `BackendNev` text DEFAULT NULL,
  `AlapNev` text CHARACTER SET utf8mb3 COLLATE utf8mb3_hungarian_ci DEFAULT NULL,
  PRIMARY KEY (`Id`)
) ENGINE=InnoDB AUTO_INCREMENT=83 DEFAULT CHARSET=utf8mb4 COLLATE=utf8mb4_general_ci;

-- Tábla adatainak mentése 2021SZ_reczeg_david.Fajl: ~43 rows (hozzávetőleg)
DELETE FROM `Fajl`;
/*!40000 ALTER TABLE `Fajl` DISABLE KEYS */;
INSERT INTO `Fajl` (`Id`, `Meret`, `BackendNev`, `AlapNev`) VALUES
	(40, 50116, 'b7a610b5a8d9447d3e32c919262cd3af', 'SZ7_adatb_rajz.png'),
	(41, 35050, '8247804f2eabdc0deb799abaa921bd30', '9.jpg'),
	(42, 14542, '675f04e00e940e0c65497289ee0d5b77', 'teto-wav.mp3'),
	(43, 11616, 'f8ea51836091d604d8f245106f5487e0', 'api-ms-win-core-file-l1-2-0.dll'),
	(44, 2012437, '3ec3f7f2005c9ff4a6a53ab95186c65a', 'oshi-no-ko-onk.gif'),
	(45, 738670, '772c293d44982f6bacb54d5ee9b97f9a', 'mikudayo.mp3'),
	(46, 1913905, 'c540b972f7f15e23d436a4d81e85d9f4', 'snake.gif'),
	(47, 6993012, '289ff6aff5f3b448741f2684d660302c', 'Baka.mp3'),
	(48, 6993012, '4e33e415c4a05328cb727fda82ab8ac4', 'Baka.mp3'),
	(49, 6993012, '8687f7874d62fd53a1e18d992f339862', 'Baka.mp3'),
	(50, 404202, 'b74a6aa2e23da8f970a7f5dd2699bdef', 'matematika7algebra.pdf'),
	(51, 14542, '751f79d6702cec69958d21bc2ff8fdf2', 'teto-wav.mp3'),
	(52, 12128, '1db34887b403cbb56a1ffaea2712081c', 'api-ms-win-core-synch-l1-2-0.dll'),
	(53, 12128, 'bc35e1babeb094cc8c12dc8de87d35b7', 'api-ms-win-crt-utility-l1-1-0.dll'),
	(54, 222, '25ae80f943c3a91f54377dba9d8ac71d', 'Hollow Knight.url'),
	(55, 40385, 'e74ec6314ce829685ef69ae954525696', 'xpos.png'),
	(56, 1104952, '71f3ff3825c5be2fb78275b4060f4af9', 'Paint Installer.exe'),
	(57, 14542, '22b896bacc11464d1245a219ee808ee7', 'teto-wav (2).mp3'),
	(58, 109249, 'bc69d46a37cb0f8062bd25191a704d61', 'jjba_shirt_design_idea__nigerundayo___by_goatmanthe15th_dfgillk-fullview.jpg'),
	(59, 275327826, '8e0be579ec3f5d87da8b3ca1e9a06483', 'Feladatbank_ver2.51.zip'),
	(60, 275327826, 'cbc2ba01fb0e3ecf72609f782bddf005', 'Feladatbank_ver2.51.zip'),
	(61, 14542, '8b0ca4b06dc934019b72fcf0cd18a3f6', 'teto-wav (2).mp3'),
	(62, 1104952, '799a929a231872460e3bf5c9af06a765', 'Paint Installer.exe'),
	(63, 14542, '44a164d65190f5a414a80ecc525940ff', 'teto-wav (2).mp3'),
	(64, 1104952, 'ec6cec486a7581c0bb1b305defbd0660', 'Paint Installer.exe'),
	(65, 275327826, '09a8d2a63f14f002868d45e7be184c52', 'Feladatbank_ver2.51.zip'),
	(66, 589860, '56e08ac6c84ccfb4c8954dc90e4b0e41', 'Photo-2.jpeg'),
	(67, 282, '462352b783f069d185db9a59ec0e4aeb', 'desktop.ini'),
	(68, 2380800, 'be358356752dab669efd517c254e2e9d', 'SteamSetup.exe'),
	(69, 181592536, '2dd168685d8f6d8c28ae40b53da127ce', 'GitHubDesktopSetup-x64.exe'),
	(70, 181592536, '532cb41f070e3c4f1a9ae4c64d784499', 'GitHubDesktopSetup-x64.exe'),
	(71, 448824, 'a4004c0961fcb24763abd99c408842b6', 'ScreenRec_webinstall_all.exe'),
	(72, 448824, 'bee02ad50916d8f11fcbc92f52cbab6f', 'ScreenRec_webinstall_all.exe'),
	(73, 448824, 'd2c50515219d1b90a64d33cf0a081632', 'ScreenRec_webinstall_all.exe'),
	(74, 448824, 'ab0670c384e0102cfb37d4f6751735ac', 'ScreenRec_webinstall_all.exe'),
	(75, 181592536, 'fc5a455cd44764a8bfb80aaa4cb7265c', 'GitHubDesktopSetup-x64.exe'),
	(76, 448824, '9c2225d1b7022b836eaf5b9ceb632b95', 'ScreenRec_webinstall_all.exe'),
	(77, 4388, '5f05a0bcf1744f83ed912c24c7acf777', '624c4a97-98a0-487c-af80-ae6e286025e7.png'),
	(78, 125768, '95e1475892ed80ff2977a013f96f4624', '600px-Garden_Tree_Neat_.webp'),
	(79, 125768, 'c0032a5884a016db867e9f58f7698d86', '600px-Garden_Tree_Neat_.webp'),
	(80, 150032, 'aa7b121f5c99dc2df99de7cffbd1cf60', 'converted.wav'),
	(81, 8516, '029ec3b8b696c9eb5ea1fa5b74ecad9f', 'base64.txt'),
	(82, 125768, 'fa0647e871fee853d5c6e5c230d5ef10', '600px-Garden_Tree_Neat_.webp');
/*!40000 ALTER TABLE `Fajl` ENABLE KEYS */;

-- Struktúra mentése tábla 2021SZ_reczeg_david. Feladatok
CREATE TABLE IF NOT EXISTS `Feladatok` (
  `id` int(11) NOT NULL AUTO_INCREMENT,
  `Nev` text NOT NULL,
  `Leiras` text DEFAULT NULL,
  `Evfolyam` int(11) NOT NULL DEFAULT 0,
  `Tantargy` text NOT NULL,
  `Tema` text NOT NULL,
  `Nehezseg` int(11) DEFAULT NULL,
  `Tanar` int(11) NOT NULL DEFAULT 0,
  `Archivalva` int(11) DEFAULT 0,
  PRIMARY KEY (`id`)
) ENGINE=InnoDB AUTO_INCREMENT=303 DEFAULT CHARSET=utf8mb4 COLLATE=utf8mb4_general_ci;

-- Tábla adatainak mentése 2021SZ_reczeg_david.Feladatok: ~33 rows (hozzávetőleg)
DELETE FROM `Feladatok`;
/*!40000 ALTER TABLE `Feladatok` DISABLE KEYS */;
INSERT INTO `Feladatok` (`id`, `Nev`, `Leiras`, `Evfolyam`, `Tantargy`, `Tema`, `Nehezseg`, `Tanar`, `Archivalva`) VALUES
	(261, '2323', 'this description is very very very very very very very very very very long', 2, '23', '23', 5, 89, 1),
	(265, '1', '1', 1, '1', '1', 1, 89, 0),
	(266, '2', '2', 2, '2', '2', 2, 89, 0),
	(267, '3', '3', 3, '3', '3', 3, 89, 0),
	(268, '4', '4', 4, '4', '4', 4, 89, 0),
	(269, '5', '5', 5, '5', '5', 5, 89, 0),
	(270, '6', '6', 6, '6', '6', 6, 89, 0),
	(271, '6', '6', 6, '6', '6', 6, 89, 1),
	(272, '7', '7', 7, '7', '7', 7, 89, 0),
	(273, '8', '8', 8, '8', '8', 8, 89, 0),
	(274, '9', '9', 9, '9', '9', 9, 89, 1),
	(276, '9', '9', 9, '9', '9', 9, 89, 0),
	(277, '10', '10', 10, '10', '10', 10, 89, 0),
	(278, 'egy', 'ketto', 3, 'négy', 'öt', 6, 169, 0),
	(280, '6', '7', 6, '7', '6', 7, 169, 0),
	(281, 'nyisd meg', 'nyisd meg', 5, 'nyisd meg', 'nyisd meg', 2, 169, 0),
	(282, '1', '2', 3, '4', '5', 9, 169, 0),
	(283, 'mostani', 'ads', 4, 'asd', 'ads', 10, 89, 1),
	(284, 'kys', 'kys', 1, 'kys', 'kys', 1, 89, 1),
	(285, 'baka', 'baka', 10, 'baka', 'baka', 4, 169, 0),
	(286, 'Matek Házi', 'Algebra', 7, 'Matematika', 'Algebra', 8, 169, 0),
	(287, 'Feladat1', 'nemtom amúgy', 10, 'Matek', 'Törtek', 3, 164, 0),
	(290, 'baka', 'baka', 10, 'baka', 'baka', 9, 164, 0),
	(292, 'rewards', 'no', 2, '3', 'sfd', 5, 89, 0),
	(293, 'anyád kurva?', '1', 1, 'kys', 'nigg', 10, 89, 1),
	(294, 'halj meg', 'cigány', 1, '1', '1', 1, 89, 0),
	(295, 'aaaaa', 'aaaaa', 12, 'aaaa', 'aaaa', 5, 89, 0),
	(297, 'ewwqrew', 'qerwwrqe', 3, 'qwere', 'erewrew', 3, 89, 0),
	(298, 'ű', 'ű', 5, '5', 'ű', 5, 89, 0),
	(299, 'd', 'd', 4, '3', '3', 4, 89, 0),
	(300, 'asdfa', 'sdf', 12, 'asdfa', 'sdf', 5, 167, 0),
	(301, 'sdff', 'sdf', 3, 'fdsa', 'sdf', 8, 167, 0),
	(302, 'werwer', '234', 3, 'sdf', 'xvb', 2, 167, 0);
/*!40000 ALTER TABLE `Feladatok` ENABLE KEYS */;

-- Struktúra mentése tábla 2021SZ_reczeg_david. Hibajelentes
CREATE TABLE IF NOT EXISTS `Hibajelentes` (
  `id` int(11) NOT NULL AUTO_INCREMENT,
  `Email` text NOT NULL,
  `Nev` text NOT NULL,
  `Ido` text NOT NULL,
  `Message` text NOT NULL,
  `Javitva` int(11) NOT NULL DEFAULT 0,
  PRIMARY KEY (`id`)
) ENGINE=InnoDB AUTO_INCREMENT=43 DEFAULT CHARSET=utf8mb4 COLLATE=utf8mb4_general_ci;

-- Tábla adatainak mentése 2021SZ_reczeg_david.Hibajelentes: ~10 rows (hozzávetőleg)
DELETE FROM `Hibajelentes`;
/*!40000 ALTER TABLE `Hibajelentes` DISABLE KEYS */;
INSERT INTO `Hibajelentes` (`id`, `Email`, `Nev`, `Ido`, `Message`, `Javitva`) VALUES
	(33, 'bado.benett.brendon@gmail.com', 'Benett Brendon Badó ', 'Mon, 08 Dec 2025 09:09:42 GMT', '1', 0),
	(34, 'bado.benett.brendon@gmail.com', 'Benett Brendon Badó ', 'Mon, 08 Dec 2025 09:09:46 GMT', '2', 0),
	(35, 'bado.benett.brendon@gmail.com', 'Benett Brendon Badó ', 'Mon, 08 Dec 2025 09:09:56 GMT', '3', 0),
	(36, 'bado.benett.brendon@gmail.com', 'Benett Brendon Badó ', 'Mon, 08 Dec 2025 09:09:59 GMT', '4', 0),
	(37, 'bado.benett.brendon@gmail.com', 'Benett Brendon Badó ', 'Mon, 08 Dec 2025 09:10:01 GMT', '5', 0),
	(38, 'bado.benett.brendon@gmail.com', 'Benett Brendon Badó ', 'Mon, 08 Dec 2025 09:10:03 GMT', '6', 0),
	(39, 'bado.benett.brendon@gmail.com', 'Benett Brendon Badó ', 'Mon, 08 Dec 2025 09:10:06 GMT', '7', 0),
	(40, 'bado.benett.brendon@gmail.com', 'Benett Brendon Badó ', 'Mon, 08 Dec 2025 09:10:08 GMT', '8', 0),
	(41, 'bado.benett.brendon@gmail.com', 'Benett Brendon Badó ', 'Mon, 08 Dec 2025 09:11:43 GMT', 'asdfasdf', 0),
	(42, 'bado.benett.brendon@gmail.com', 'Benett Brendon Badó ', 'Mon, 08 Dec 2025 09:11:53 GMT', 'sdf', 0);
/*!40000 ALTER TABLE `Hibajelentes` ENABLE KEYS */;

-- Struktúra mentése tábla 2021SZ_reczeg_david. Intezmenyek
CREATE TABLE IF NOT EXISTS `Intezmenyek` (
  `id` int(11) NOT NULL AUTO_INCREMENT,
  `IntezmenyNev` text NOT NULL,
  PRIMARY KEY (`id`)
) ENGINE=InnoDB AUTO_INCREMENT=9 DEFAULT CHARSET=utf8mb4 COLLATE=utf8mb4_general_ci;

-- Tábla adatainak mentése 2021SZ_reczeg_david.Intezmenyek: ~2 rows (hozzávetőleg)
DELETE FROM `Intezmenyek`;
/*!40000 ALTER TABLE `Intezmenyek` DISABLE KEYS */;
INSERT INTO `Intezmenyek` (`id`, `IntezmenyNev`) VALUES
	(1, 'Zalaegerszegi SZC Csány László Technikum'),
	(5, 'Cica');
/*!40000 ALTER TABLE `Intezmenyek` ENABLE KEYS */;

-- Struktúra mentése tábla 2021SZ_reczeg_david. Kozzetett
CREATE TABLE IF NOT EXISTS `Kozzetett` (
  `id` int(11) NOT NULL AUTO_INCREMENT,
  `FeladatId` int(11) DEFAULT 0,
  `Tanar` int(11) DEFAULT NULL,
  `kurzusNev` text DEFAULT NULL,
  `kurzusId` text DEFAULT NULL,
  `kurzusFeladatId` text DEFAULT NULL,
  PRIMARY KEY (`id`)
) ENGINE=InnoDB AUTO_INCREMENT=142 DEFAULT CHARSET=utf8mb4 COLLATE=utf8mb4_general_ci;

-- Tábla adatainak mentése 2021SZ_reczeg_david.Kozzetett: ~49 rows (hozzávetőleg)
DELETE FROM `Kozzetett`;
/*!40000 ALTER TABLE `Kozzetett` DISABLE KEYS */;
INSERT INTO `Kozzetett` (`id`, `FeladatId`, `Tanar`, `kurzusNev`, `kurzusId`, `kurzusFeladatId`) VALUES
	(58, 283, 104, 'Yatta', '822379900653', '820448506393'),
	(75, 290, 164, 'Yatta', '822379900653', '828520927204'),
	(76, 290, 164, 'Halj meg', '810412347922', '828520781877'),
	(82, 290, 164, 'Halj meg', '810412347922', '820610561170'),
	(91, 290, 164, 'Halj meg', '810412347922', '828523275050'),
	(94, 290, 164, 'Halj meg', '810412347922', '818452326016'),
	(95, 290, 164, 'Yatta', '822379900653', '828523286508'),
	(96, 287, 164, 'Halj meg', '810412347922', '828523623775'),
	(97, 287, 164, 'Yatta', '822379900653', '828522935168'),
	(99, 290, 164, 'Halj meg', '810412347922', '828535350966'),
	(101, 287, 164, 'Cookie Clicker', '829569107329', '829570062367'),
	(102, 287, 164, 'Tesztkurzus', '829570294958', '829569609802'),
	(103, 287, 164, 'Tesztkurzus', '829570294958', '829566232500'),
	(104, 287, 164, 'Ujkurzus', '829569073323', '829569990932'),
	(105, 287, 164, 'nemtom', '829569295825', '829569603531'),
	(108, 290, 89, 'Példa1', '810411623492', '831062431055'),
	(109, 266, 89, 'kys', '831095740971', '831098117139'),
	(110, 266, 89, 'AsdAsd', '831098990977', '831099216780'),
	(111, 277, 89, 'kys', '831095740971', '831097989310'),
	(112, 277, 89, 'kys', '831095740971', '831096181230'),
	(113, 277, 89, 'kys', '831095740971', '831099911611'),
	(114, 292, 89, 'kys', '831095740971', '831098176961'),
	(115, 293, 89, 'MiniHen', '831099532717', '831099121512'),
	(116, 276, 89, 'Test', '831097786674', '831098498136'),
	(117, 265, 89, 'Test', '831097786674', '831100505381'),
	(118, 290, 89, 'Test', '831097786674', '820976566272'),
	(119, 287, 89, 'Példa1', '810411623492', '831098643408'),
	(120, 266, 89, 'MiniHen', '831099532717', '831099980329'),
	(121, 290, NULL, 'Cookie Clicker', '829569107329', 'undefined'),
	(122, 290, NULL, 'Halj meg', '810412347922', 'undefined'),
	(123, 290, 164, 'Cookie Clicker', '829569107329', '834700884284'),
	(124, 290, NULL, 'Halj meg', '810412347922', 'undefined'),
	(125, 287, NULL, 'Halj meg', '810412347922', 'undefined'),
	(126, 287, NULL, 'Halj meg', '810412347922', 'undefined'),
	(127, 287, 164, 'Halj meg', '810412347922', '834701129276'),
	(128, 287, NULL, 'Halj meg', '810412347922', 'undefined'),
	(129, 287, NULL, 'Halj meg', '810412347922', 'undefined'),
	(130, 287, 164, 'Halj meg', '810412347922', '834700358165'),
	(131, 287, NULL, 'Halj meg', '810412347922', 'undefined'),
	(132, 287, 164, 'Halj meg', '810412347922', '834700771564'),
	(133, 287, 164, 'Halj meg', '810412347922', '834702041777'),
	(134, 290, 164, 'Halj meg', '810412347922', '834702821314'),
	(135, 287, 164, 'Halj meg', '810412347922', '834701159564'),
	(136, 287, 164, 'Halj meg', '810412347922', '834702346707'),
	(137, 287, 164, 'Halj meg', '810412347922', '834702584451'),
	(138, 265, 89, 'Példa1', '810411623492', '834702740019'),
	(139, 287, 164, 'Cookie Clicker', '829569107329', '834702228299'),
	(140, 287, 164, 'Halj meg', '810412347922', '834699525762'),
	(141, 287, 164, 'Halj meg', '810412347922', '834703276261');
/*!40000 ALTER TABLE `Kozzetett` ENABLE KEYS */;

-- Struktúra mentése tábla 2021SZ_reczeg_david. Megosztott
CREATE TABLE IF NOT EXISTS `Megosztott` (
  `id` int(11) NOT NULL AUTO_INCREMENT,
  `FeladatId` int(11) NOT NULL DEFAULT 0,
  `FeladoId` int(11) NOT NULL DEFAULT 0,
  `VevoId` int(11) NOT NULL DEFAULT 0,
  PRIMARY KEY (`id`)
) ENGINE=InnoDB AUTO_INCREMENT=34 DEFAULT CHARSET=utf8mb4 COLLATE=utf8mb4_general_ci;

-- Tábla adatainak mentése 2021SZ_reczeg_david.Megosztott: ~11 rows (hozzávetőleg)
DELETE FROM `Megosztott`;
/*!40000 ALTER TABLE `Megosztott` DISABLE KEYS */;
INSERT INTO `Megosztott` (`id`, `FeladatId`, `FeladoId`, `VevoId`) VALUES
	(23, 287, 164, 89),
	(24, 290, 164, 89),
	(25, 290, 164, 89),
	(26, 287, 164, 167),
	(27, 287, 164, 167),
	(28, 290, 164, 169),
	(29, 295, 89, 164),
	(30, 290, 164, 89),
	(31, 290, 164, 89),
	(32, 290, 164, 89),
	(33, 268, 89, 164);
/*!40000 ALTER TABLE `Megosztott` ENABLE KEYS */;

-- Struktúra mentése tábla 2021SZ_reczeg_david. Naplo
CREATE TABLE IF NOT EXISTS `Naplo` (
  `id` int(11) NOT NULL AUTO_INCREMENT,
  `Tipus` text DEFAULT NULL,
  `TimeStamp` datetime DEFAULT NULL,
  `Message` text DEFAULT NULL,
  PRIMARY KEY (`id`)
) ENGINE=InnoDB AUTO_INCREMENT=548 DEFAULT CHARSET=utf8mb4 COLLATE=utf8mb4_general_ci;

-- Tábla adatainak mentése 2021SZ_reczeg_david.Naplo: ~431 rows (hozzávetőleg)
DELETE FROM `Naplo`;
/*!40000 ALTER TABLE `Naplo` DISABLE KEYS */;
INSERT INTO `Naplo` (`id`, `Tipus`, `TimeStamp`, `Message`) VALUES
	(117, 'INFO', '2025-09-23 08:02:01', 'login_redirect_1 clientId=592681031902-0prnralr3p1udmkhodepqtohe8qjvpdl.apps.googleusercontent.com'),
	(118, 'INFO', '2025-09-23 11:23:08', 'update_password email=papp.r.606@gmail.com'),
	(119, 'INFO', '2025-09-23 11:23:17', 'login user=Rebeka Papp'),
	(120, 'INFO', '2025-09-23 11:24:10', 'login user=Rebeka Papp'),
	(121, 'INFO', '2025-09-23 11:24:33', 'login user=Rebeka Papp'),
	(122, 'INFO', '2025-09-23 11:24:48', 'login user=Rebeka Papp'),
	(123, 'INFO', '2025-09-23 11:24:53', 'login user=Rebeka Papp'),
	(124, 'INFO', '2025-09-23 11:25:13', 'login user=Rebeka Papp'),
	(125, 'INFO', '2025-09-23 11:25:36', 'login user=Rebeka Papp'),
	(126, 'INFO', '2025-09-23 11:25:43', 'login user=Papp'),
	(127, 'INFO', '2025-09-23 11:26:09', 'login user=Papp'),
	(128, 'INFO', '2025-09-23 12:44:05', 'login_redirect_1 clientId=592681031902-0prnralr3p1udmkhodepqtohe8qjvpdl.apps.googleusercontent.com'),
	(129, 'INFO', '2025-09-23 12:44:19', 'login_redirect_2 clientId=592681031902-0prnralr3p1udmkhodepqtohe8qjvpdl.apps.googleusercontent.com email=papp.r.606@gmail.com'),
	(130, 'INFO', '2025-09-23 12:44:22', 'user_registration clientId=592681031902-0prnralr3p1udmkhodepqtohe8qjvpdl.apps.googleusercontent.com username=Rebeka Papp email=papp.r.606@gmail.com'),
	(131, 'INFO', '2025-09-23 12:45:41', 'login_redirect_1 clientId=592681031902-0prnralr3p1udmkhodepqtohe8qjvpdl.apps.googleusercontent.com'),
	(132, 'INFO', '2025-09-23 12:45:50', 'login_redirect_2 clientId=592681031902-0prnralr3p1udmkhodepqtohe8qjvpdl.apps.googleusercontent.com email=papp.r.606@gmail.com'),
	(133, 'INFO', '2025-09-23 12:45:54', 'user_registration clientId=592681031902-0prnralr3p1udmkhodepqtohe8qjvpdl.apps.googleusercontent.com username=Rebeka Papp email=papp.r.606@gmail.com'),
	(134, 'INFO', '2025-09-23 12:47:35', 'login_redirect_1 clientId=592681031902-0prnralr3p1udmkhodepqtohe8qjvpdl.apps.googleusercontent.com'),
	(135, 'INFO', '2025-09-23 12:47:47', 'login_redirect_2 clientId=592681031902-0prnralr3p1udmkhodepqtohe8qjvpdl.apps.googleusercontent.com email=papp.r.606@gmail.com'),
	(136, 'INFO', '2025-09-23 12:47:50', 'user_registration clientId=592681031902-0prnralr3p1udmkhodepqtohe8qjvpdl.apps.googleusercontent.com username=Rebeka Papp email=papp.r.606@gmail.com'),
	(137, 'INFO', '2025-09-23 12:49:21', 'login_redirect_1 clientId=592681031902-0prnralr3p1udmkhodepqtohe8qjvpdl.apps.googleusercontent.com'),
	(138, 'INFO', '2025-09-23 12:49:27', 'login_redirect_2 clientId=592681031902-0prnralr3p1udmkhodepqtohe8qjvpdl.apps.googleusercontent.com email=papp.r.606@gmail.com'),
	(139, 'INFO', '2025-09-23 12:49:30', 'user_registration clientId=592681031902-0prnralr3p1udmkhodepqtohe8qjvpdl.apps.googleusercontent.com username=Rebeka Papp email=papp.r.606@gmail.com'),
	(140, 'INFO', '2025-09-23 12:50:33', 'login_redirect_1 clientId=592681031902-0prnralr3p1udmkhodepqtohe8qjvpdl.apps.googleusercontent.com'),
	(141, 'INFO', '2025-09-23 12:50:41', 'login_redirect_2 clientId=592681031902-0prnralr3p1udmkhodepqtohe8qjvpdl.apps.googleusercontent.com email=papp.r.606@gmail.com'),
	(142, 'INFO', '2025-09-23 12:50:44', 'user_registration clientId=592681031902-0prnralr3p1udmkhodepqtohe8qjvpdl.apps.googleusercontent.com username=Rebeka Papp email=papp.r.606@gmail.com'),
	(143, 'INFO', '2025-09-23 12:51:24', 'login_redirect_1 clientId=592681031902-0prnralr3p1udmkhodepqtohe8qjvpdl.apps.googleusercontent.com'),
	(144, 'INFO', '2025-09-23 12:51:30', 'login_redirect_2 clientId=592681031902-0prnralr3p1udmkhodepqtohe8qjvpdl.apps.googleusercontent.com email=papp.r.606@gmail.com'),
	(145, 'INFO', '2025-09-23 12:51:33', 'user_registration clientId=592681031902-0prnralr3p1udmkhodepqtohe8qjvpdl.apps.googleusercontent.com username=Rebeka Papp email=papp.r.606@gmail.com'),
	(146, 'INFO', '2025-09-23 12:52:34', 'login_redirect_1 clientId=592681031902-0prnralr3p1udmkhodepqtohe8qjvpdl.apps.googleusercontent.com'),
	(147, 'INFO', '2025-09-23 12:52:43', 'login_redirect_1 clientId=592681031902-0prnralr3p1udmkhodepqtohe8qjvpdl.apps.googleusercontent.com'),
	(148, 'INFO', '2025-09-23 12:52:49', 'login_redirect_2 clientId=592681031902-0prnralr3p1udmkhodepqtohe8qjvpdl.apps.googleusercontent.com email=papp.r.606@gmail.com'),
	(149, 'INFO', '2025-09-23 12:52:51', 'user_registration clientId=592681031902-0prnralr3p1udmkhodepqtohe8qjvpdl.apps.googleusercontent.com username=Rebeka Papp email=papp.r.606@gmail.com'),
	(150, 'INFO', '2025-09-23 12:54:35', 'login user=Rebeka Papp'),
	(151, 'INFO', '2025-09-25 08:26:57', 'login user=Rebeka Papp'),
	(152, 'INFO', '2025-09-25 09:25:19', 'login user=Rebeka Papp'),
	(153, 'INFO', '2025-09-25 09:59:25', 'login user=badobobo06@gmail.com'),
	(154, 'INFO', '2025-09-25 10:00:07', 'login user=admin'),
	(155, 'INFO', '2025-09-25 10:19:36', 'login_redirect_1 clientId=592681031902-0prnralr3p1udmkhodepqtohe8qjvpdl.apps.googleusercontent.com'),
	(156, 'INFO', '2025-09-25 10:20:39', 'login_redirect_1 clientId=592681031902-0prnralr3p1udmkhodepqtohe8qjvpdl.apps.googleusercontent.com'),
	(157, 'INFO', '2025-09-25 10:20:52', 'login_redirect_2 clientId=592681031902-0prnralr3p1udmkhodepqtohe8qjvpdl.apps.googleusercontent.com email=bado.benett.brendon@gmail.com'),
	(158, 'INFO', '2025-09-25 10:21:17', 'user_registration clientId=592681031902-0prnralr3p1udmkhodepqtohe8qjvpdl.apps.googleusercontent.com username=Benett Brendon Badó email=bado.benett.brendon@gmail.com'),
	(159, 'INFO', '2025-09-25 11:05:56', 'login user=Rebeka Papp'),
	(160, 'INFO', '2025-09-25 15:35:40', 'login user=papp.r.606@gmail.com'),
	(161, 'INFO', '2025-09-25 19:39:36', 'login_redirect_1 clientId=592681031902-0prnralr3p1udmkhodepqtohe8qjvpdl.apps.googleusercontent.com'),
	(162, 'INFO', '2025-09-25 19:44:21', 'login_redirect_1 clientId=592681031902-0prnralr3p1udmkhodepqtohe8qjvpdl.apps.googleusercontent.com'),
	(163, 'INFO', '2025-09-25 19:45:26', 'login_redirect_1 clientId=592681031902-0prnralr3p1udmkhodepqtohe8qjvpdl.apps.googleusercontent.com'),
	(164, 'INFO', '2025-09-25 19:45:51', 'login_redirect_1 clientId=592681031902-0prnralr3p1udmkhodepqtohe8qjvpdl.apps.googleusercontent.com'),
	(165, 'INFO', '2025-09-25 19:46:20', 'login_redirect_1 clientId=592681031902-0prnralr3p1udmkhodepqtohe8qjvpdl.apps.googleusercontent.com'),
	(166, 'INFO', '2025-09-25 19:47:30', 'login_redirect_1 clientId=592681031902-0prnralr3p1udmkhodepqtohe8qjvpdl.apps.googleusercontent.com'),
	(167, 'INFO', '2025-09-25 19:48:39', 'login_redirect_1 clientId=592681031902-0prnralr3p1udmkhodepqtohe8qjvpdl.apps.googleusercontent.com'),
	(168, 'INFO', '2025-09-25 19:52:15', 'login_redirect_1 clientId=592681031902-0prnralr3p1udmkhodepqtohe8qjvpdl.apps.googleusercontent.com'),
	(169, 'INFO', '2025-09-25 19:53:16', 'login_redirect_1 clientId=592681031902-0prnralr3p1udmkhodepqtohe8qjvpdl.apps.googleusercontent.com'),
	(170, 'INFO', '2025-09-25 19:54:05', 'login_redirect_1 clientId=592681031902-0prnralr3p1udmkhodepqtohe8qjvpdl.apps.googleusercontent.com'),
	(171, 'INFO', '2025-09-25 19:58:24', 'login_redirect_1 clientId=592681031902-0prnralr3p1udmkhodepqtohe8qjvpdl.apps.googleusercontent.com'),
	(172, 'INFO', '2025-09-25 20:07:43', 'login_redirect_1 clientId=592681031902-0prnralr3p1udmkhodepqtohe8qjvpdl.apps.googleusercontent.com'),
	(173, 'INFO', '2025-09-25 20:14:09', 'login_redirect_1 clientId=592681031902-0prnralr3p1udmkhodepqtohe8qjvpdl.apps.googleusercontent.com'),
	(174, 'INFO', '2025-09-25 20:17:38', 'login_redirect_1 clientId=592681031902-0prnralr3p1udmkhodepqtohe8qjvpdl.apps.googleusercontent.com'),
	(175, 'INFO', '2025-09-25 20:19:23', 'login_redirect_1 clientId=592681031902-0prnralr3p1udmkhodepqtohe8qjvpdl.apps.googleusercontent.com'),
	(176, 'INFO', '2025-09-25 20:20:03', 'login_redirect_1 clientId=592681031902-0prnralr3p1udmkhodepqtohe8qjvpdl.apps.googleusercontent.com'),
	(177, 'INFO', '2025-09-25 20:21:34', 'login_redirect_1 clientId=592681031902-0prnralr3p1udmkhodepqtohe8qjvpdl.apps.googleusercontent.com'),
	(178, 'INFO', '2025-09-25 20:44:16', 'login user=papp.r.606@gmail.com'),
	(179, 'INFO', '2025-09-26 06:59:42', 'login user=Rebeka Papp'),
	(180, 'INFO', '2025-09-26 07:17:29', 'login user=Rebeka Papp'),
	(181, 'INFO', '2025-09-26 07:19:25', 'login user=Rebeka Papp'),
	(182, 'INFO', '2025-09-26 07:20:34', 'login user=Rebeka Papp'),
	(183, 'INFO', '2025-09-26 08:14:33', 'login user=Rebeka Papp'),
	(184, 'INFO', '2025-09-26 08:18:48', 'login user=admin'),
	(185, 'INFO', '2025-09-26 08:26:00', 'login user=Rebeka Papp'),
	(186, 'INFO', '2025-09-26 08:27:25', 'login user=Rebeka Papp'),
	(187, 'INFO', '2025-09-26 08:28:40', 'login user='),
	(188, 'INFO', '2025-09-26 08:28:49', 'login user=Benett Brendon Badó'),
	(189, 'INFO', '2025-09-26 08:50:41', 'login user=Rebeka Papp'),
	(190, 'INFO', '2025-09-26 09:09:08', 'login user=Benett Brendon Badó'),
	(191, 'INFO', '2025-09-26 09:11:50', 'login user=Rebeka Papp'),
	(192, 'INFO', '2025-09-26 10:04:33', 'login user=Benett Brendon Badó'),
	(193, 'INFO', '2025-09-26 10:18:15', 'login user=Rebeka Papp'),
	(194, 'INFO', '2025-09-26 10:42:08', 'login_redirect_1 clientId=592681031902-0prnralr3p1udmkhodepqtohe8qjvpdl.apps.googleusercontent.com'),
	(195, 'INFO', '2025-09-26 10:52:42', 'login user=Rebeka Papp'),
	(196, 'INFO', '2025-09-26 10:52:51', 'login user=Rebeka Papp'),
	(197, 'INFO', '2025-09-26 10:52:54', 'login user=Papp'),
	(198, 'INFO', '2025-09-26 11:19:47', 'login_redirect_1 clientId=592681031902-0prnralr3p1udmkhodepqtohe8qjvpdl.apps.googleusercontent.com'),
	(199, 'INFO', '2025-09-26 11:22:17', 'login_redirect_1 clientId=592681031902-0prnralr3p1udmkhodepqtohe8qjvpdl.apps.googleusercontent.com'),
	(200, 'INFO', '2025-09-26 11:24:05', 'login_redirect_1 clientId=592681031902-0prnralr3p1udmkhodepqtohe8qjvpdl.apps.googleusercontent.com'),
	(201, 'INFO', '2025-09-26 11:25:15', 'login_redirect_1 clientId=592681031902-0prnralr3p1udmkhodepqtohe8qjvpdl.apps.googleusercontent.com'),
	(202, 'INFO', '2025-09-26 11:26:24', 'login_redirect_1 clientId=592681031902-0prnralr3p1udmkhodepqtohe8qjvpdl.apps.googleusercontent.com'),
	(203, 'INFO', '2025-09-26 11:26:51', 'login_redirect_1 clientId=592681031902-0prnralr3p1udmkhodepqtohe8qjvpdl.apps.googleusercontent.com'),
	(204, 'INFO', '2025-09-26 11:28:24', 'login user=Benett Brendon Badó'),
	(205, 'INFO', '2025-09-26 11:32:54', 'login user=Papp'),
	(206, 'INFO', '2025-09-29 06:02:01', 'login user=Papp'),
	(207, 'INFO', '2025-09-29 06:03:19', 'login_redirect_1 clientId=592681031902-0prnralr3p1udmkhodepqtohe8qjvpdl.apps.googleusercontent.com'),
	(208, 'INFO', '2025-09-29 06:03:47', 'login user=Papp'),
	(209, 'INFO', '2025-09-29 06:03:57', 'login_redirect_1 clientId=592681031902-0prnralr3p1udmkhodepqtohe8qjvpdl.apps.googleusercontent.com'),
	(210, 'INFO', '2025-09-29 06:04:02', 'login_redirect_2 clientId=592681031902-0prnralr3p1udmkhodepqtohe8qjvpdl.apps.googleusercontent.com email=reczegd@gmail.com'),
	(211, 'INFO', '2025-09-29 06:04:09', 'user_registration clientId=592681031902-0prnralr3p1udmkhodepqtohe8qjvpdl.apps.googleusercontent.com username=Dávid Réczeg email=reczegd@gmail.com'),
	(212, 'INFO', '2025-09-29 06:04:18', 'login user='),
	(213, 'INFO', '2025-09-29 06:09:32', 'login user='),
	(214, 'INFO', '2025-09-29 06:09:38', 'login_redirect_1 clientId=592681031902-0prnralr3p1udmkhodepqtohe8qjvpdl.apps.googleusercontent.com'),
	(215, 'INFO', '2025-09-29 06:09:44', 'login_redirect_2 clientId=592681031902-0prnralr3p1udmkhodepqtohe8qjvpdl.apps.googleusercontent.com email=reczegd@gmail.com'),
	(216, 'INFO', '2025-09-29 06:09:50', 'user_registration clientId=592681031902-0prnralr3p1udmkhodepqtohe8qjvpdl.apps.googleusercontent.com username=Dávid Réczeg email=reczegd@gmail.com'),
	(217, 'INFO', '2025-09-29 06:12:41', 'login user=Dávid Réczeg'),
	(218, 'INFO', '2025-09-29 06:14:04', 'login user=Papp'),
	(219, 'INFO', '2025-09-29 06:14:24', 'login user=Papp'),
	(220, 'INFO', '2025-09-29 06:14:30', 'login user='),
	(221, 'INFO', '2025-09-29 07:01:09', 'login user=Papp'),
	(222, 'INFO', '2025-09-29 07:10:02', 'login user=Papp'),
	(223, 'INFO', '2025-09-29 07:15:00', 'login user=Dávid Réczeg'),
	(224, 'INFO', '2025-09-29 07:15:50', 'login_redirect_1 clientId=592681031902-0prnralr3p1udmkhodepqtohe8qjvpdl.apps.googleusercontent.com'),
	(225, 'INFO', '2025-09-29 07:16:00', 'login_redirect_2 clientId=592681031902-0prnralr3p1udmkhodepqtohe8qjvpdl.apps.googleusercontent.com email=papp.r.606@gmail.com'),
	(226, 'INFO', '2025-09-29 07:16:02', 'user_registration clientId=592681031902-0prnralr3p1udmkhodepqtohe8qjvpdl.apps.googleusercontent.com username=Rebeka Papp email=papp.r.606@gmail.com'),
	(227, 'INFO', '2025-09-29 07:16:48', 'login user=Rebeka Papp'),
	(228, 'INFO', '2025-09-29 07:19:50', 'login user=Rebeka Papp'),
	(229, 'INFO', '2025-09-29 07:22:03', 'login_redirect_1 clientId=592681031902-0prnralr3p1udmkhodepqtohe8qjvpdl.apps.googleusercontent.com'),
	(230, 'INFO', '2025-09-29 07:22:12', 'login_redirect_2 clientId=592681031902-0prnralr3p1udmkhodepqtohe8qjvpdl.apps.googleusercontent.com email=reczegd@gmail.com'),
	(231, 'INFO', '2025-09-29 07:22:20', 'user_registration clientId=592681031902-0prnralr3p1udmkhodepqtohe8qjvpdl.apps.googleusercontent.com username=Dávid Réczeg email=reczegd@gmail.com'),
	(232, 'INFO', '2025-09-29 07:23:42', 'login user=Dávid Réczeg'),
	(233, 'INFO', '2025-09-29 07:24:33', 'login_redirect_1 clientId=592681031902-0prnralr3p1udmkhodepqtohe8qjvpdl.apps.googleusercontent.com'),
	(234, 'INFO', '2025-09-29 07:24:38', 'login_redirect_2 clientId=592681031902-0prnralr3p1udmkhodepqtohe8qjvpdl.apps.googleusercontent.com email=reczegd@gmail.com'),
	(235, 'INFO', '2025-09-29 07:24:41', 'user_registration clientId=592681031902-0prnralr3p1udmkhodepqtohe8qjvpdl.apps.googleusercontent.com username=Dávid Réczeg email=reczegd@gmail.com'),
	(236, 'INFO', '2025-09-29 07:29:10', 'login_redirect_1 clientId=592681031902-0prnralr3p1udmkhodepqtohe8qjvpdl.apps.googleusercontent.com'),
	(237, 'INFO', '2025-09-29 07:29:17', 'login_redirect_2 clientId=592681031902-0prnralr3p1udmkhodepqtohe8qjvpdl.apps.googleusercontent.com email=reczegd@gmail.com'),
	(238, 'INFO', '2025-09-29 07:29:21', 'user_registration clientId=592681031902-0prnralr3p1udmkhodepqtohe8qjvpdl.apps.googleusercontent.com username=Dávid Réczeg email=reczegd@gmail.com'),
	(239, 'INFO', '2025-09-29 07:32:38', 'login_redirect_1 clientId=592681031902-0prnralr3p1udmkhodepqtohe8qjvpdl.apps.googleusercontent.com'),
	(240, 'INFO', '2025-09-29 07:32:45', 'login_redirect_2 clientId=592681031902-0prnralr3p1udmkhodepqtohe8qjvpdl.apps.googleusercontent.com email=reczegd@gmail.com'),
	(241, 'INFO', '2025-09-29 07:32:48', 'user_registration clientId=592681031902-0prnralr3p1udmkhodepqtohe8qjvpdl.apps.googleusercontent.com username=Dávid Réczeg email=reczegd@gmail.com'),
	(242, 'INFO', '2025-09-29 07:36:55', 'login_redirect_1 clientId=592681031902-0prnralr3p1udmkhodepqtohe8qjvpdl.apps.googleusercontent.com'),
	(243, 'INFO', '2025-09-29 07:37:03', 'login_redirect_2 clientId=592681031902-0prnralr3p1udmkhodepqtohe8qjvpdl.apps.googleusercontent.com email=reczegd@gmail.com'),
	(244, 'INFO', '2025-09-29 07:37:05', 'user_registration clientId=592681031902-0prnralr3p1udmkhodepqtohe8qjvpdl.apps.googleusercontent.com username=Dávid Réczeg email=reczegd@gmail.com'),
	(245, 'INFO', '2025-09-29 07:38:00', 'login_redirect_1 clientId=592681031902-0prnralr3p1udmkhodepqtohe8qjvpdl.apps.googleusercontent.com'),
	(246, 'INFO', '2025-09-29 07:38:06', 'login_redirect_2 clientId=592681031902-0prnralr3p1udmkhodepqtohe8qjvpdl.apps.googleusercontent.com email=reczegd@gmail.com'),
	(247, 'INFO', '2025-09-29 07:38:10', 'user_registration clientId=592681031902-0prnralr3p1udmkhodepqtohe8qjvpdl.apps.googleusercontent.com username=Dávid Réczeg email=reczegd@gmail.com'),
	(248, 'INFO', '2025-09-29 07:39:19', 'login_redirect_1 clientId=592681031902-0prnralr3p1udmkhodepqtohe8qjvpdl.apps.googleusercontent.com'),
	(249, 'INFO', '2025-09-29 07:39:25', 'login_redirect_2 clientId=592681031902-0prnralr3p1udmkhodepqtohe8qjvpdl.apps.googleusercontent.com email=reczegd@gmail.com'),
	(250, 'INFO', '2025-09-29 07:39:27', 'user_registration clientId=592681031902-0prnralr3p1udmkhodepqtohe8qjvpdl.apps.googleusercontent.com username=Dávid Réczeg email=reczegd@gmail.com'),
	(251, 'INFO', '2025-09-29 07:40:02', 'login user=Rebeka Papp'),
	(252, 'INFO', '2025-09-29 08:05:10', 'login user=Rebeka Papp'),
	(253, 'INFO', '2025-09-29 08:06:13', 'login user=Rebeka Papp'),
	(254, 'INFO', '2025-09-29 08:08:43', 'login user=Rebeka Papp'),
	(255, 'INFO', '2025-09-29 08:35:15', 'login user=Rebeka Papp'),
	(256, 'INFO', '2025-09-29 08:36:24', 'login user=Rebeka Papp'),
	(257, 'INFO', '2025-09-29 08:58:30', 'login user=Rebeka Papp'),
	(258, 'INFO', '2025-09-30 06:01:58', 'login user=Rebeka Papp'),
	(259, 'INFO', '2025-09-30 06:25:35', 'login user=Benett Brendon Badó'),
	(260, 'INFO', '2025-09-30 06:25:43', 'login_redirect_1 clientId=592681031902-0prnralr3p1udmkhodepqtohe8qjvpdl.apps.googleusercontent.com'),
	(261, 'INFO', '2025-09-30 06:25:53', 'login_redirect_2 clientId=592681031902-0prnralr3p1udmkhodepqtohe8qjvpdl.apps.googleusercontent.com email=bado.benett.brendon@gmail.com'),
	(262, 'INFO', '2025-09-30 06:26:02', 'user_registration clientId=592681031902-0prnralr3p1udmkhodepqtohe8qjvpdl.apps.googleusercontent.com username=Benett Brendon Badó email=bado.benett.brendon@gmail.com'),
	(263, 'INFO', '2025-09-30 06:33:30', 'login user=Rebeka Papp'),
	(264, 'INFO', '2025-09-30 06:34:00', 'login user=Rebeka Papp'),
	(265, 'INFO', '2025-09-30 07:11:40', 'login user=Rebeka Papp'),
	(266, 'INFO', '2025-09-30 07:34:55', 'login user='),
	(267, 'INFO', '2025-09-30 07:35:47', 'login user='),
	(268, 'INFO', '2025-09-30 07:36:00', 'login user='),
	(269, 'INFO', '2025-09-30 07:36:19', 'login user='),
	(270, 'INFO', '2025-09-30 07:41:00', 'login user=Rebeka Papp'),
	(271, 'INFO', '2025-09-30 07:41:00', 'login user='),
	(272, 'INFO', '2025-09-30 07:41:22', 'login user=Rebeka Papp'),
	(273, 'INFO', '2025-09-30 07:45:33', 'login user='),
	(274, 'INFO', '2025-09-30 07:45:42', 'login user='),
	(275, 'INFO', '2025-09-30 07:47:01', 'login user='),
	(276, 'INFO', '2025-09-30 08:06:04', 'login user=Rebeka Papp'),
	(277, 'INFO', '2025-09-30 08:08:04', 'login user='),
	(278, 'INFO', '2025-09-30 08:08:50', 'login user='),
	(279, 'INFO', '2025-09-30 08:13:31', 'login user='),
	(280, 'INFO', '2025-09-30 08:13:42', 'login user='),
	(281, 'INFO', '2025-09-30 08:17:06', 'login user='),
	(282, 'INFO', '2025-09-30 08:18:05', 'login user='),
	(283, 'INFO', '2025-09-30 08:18:18', 'login user='),
	(284, 'INFO', '2025-09-30 08:50:42', 'login user=Rebeka Papp'),
	(285, 'INFO', '2025-09-30 12:32:06', 'login user=Rebeka Papp'),
	(286, 'INFO', '2025-09-30 16:55:08', 'login user=papp.r.606@gmail.com'),
	(287, 'INFO', '2025-09-30 17:32:42', 'login user=papp.r.606@gmail.com'),
	(288, 'INFO', '2025-10-01 08:02:48', 'login user=Rebeka Papp'),
	(289, 'INFO', '2025-10-01 08:26:31', 'login user=Rebeka Papp'),
	(290, 'INFO', '2025-10-01 08:36:14', 'login user='),
	(291, 'INFO', '2025-10-01 08:36:17', 'login user=Benett Brendon Badó'),
	(292, 'INFO', '2025-10-01 08:36:20', 'login_redirect_1 clientId=592681031902-0prnralr3p1udmkhodepqtohe8qjvpdl.apps.googleusercontent.com'),
	(293, 'INFO', '2025-10-01 08:36:28', 'login_redirect_2 clientId=592681031902-0prnralr3p1udmkhodepqtohe8qjvpdl.apps.googleusercontent.com email=bado.benett.brendon@gmail.com'),
	(294, 'INFO', '2025-10-01 08:36:28', 'login user='),
	(295, 'INFO', '2025-10-01 08:36:33', 'user_registration clientId=592681031902-0prnralr3p1udmkhodepqtohe8qjvpdl.apps.googleusercontent.com username=Benett Brendon Badó email=bado.benett.brendon@gmail.com'),
	(296, 'INFO', '2025-10-01 08:38:04', 'login user='),
	(297, 'INFO', '2025-10-01 08:38:05', 'login user=Benett Brendon Badó'),
	(298, 'INFO', '2025-10-01 08:38:40', 'login user=Benett Brendon Badó'),
	(299, 'INFO', '2025-10-01 08:45:30', 'login user=Benett Brendon Badó'),
	(300, 'INFO', '2025-10-01 08:46:37', 'login_redirect_1 clientId=592681031902-0prnralr3p1udmkhodepqtohe8qjvpdl.apps.googleusercontent.com'),
	(301, 'INFO', '2025-10-01 08:47:11', 'login_redirect_2 clientId=592681031902-0prnralr3p1udmkhodepqtohe8qjvpdl.apps.googleusercontent.com email=reczegd@gmail.com'),
	(302, 'INFO', '2025-10-01 08:47:21', 'user_registration clientId=592681031902-0prnralr3p1udmkhodepqtohe8qjvpdl.apps.googleusercontent.com username=Dávid Réczeg email=reczegd@gmail.com'),
	(303, 'INFO', '2025-10-01 08:51:31', 'login user=Benett Brendon Badó'),
	(304, 'INFO', '2025-10-01 08:54:12', 'login user=Benett Brendon Badó'),
	(305, 'INFO', '2025-10-01 08:54:47', 'login user=Benett Brendon Badó'),
	(306, 'INFO', '2025-10-01 08:54:53', 'login user=Réczeg Dávid'),
	(307, 'INFO', '2025-10-01 08:54:57', 'login user=Réczeg Dávid'),
	(308, 'INFO', '2025-10-01 08:55:04', 'login user=Réczeg Dávid'),
	(309, 'INFO', '2025-10-01 08:55:05', 'login user=Réczeg Dávid'),
	(310, 'INFO', '2025-10-01 08:55:06', 'login user=Réczeg Dávid'),
	(311, 'INFO', '2025-10-01 08:55:10', 'login user=Réczeg Dávid'),
	(312, 'INFO', '2025-10-01 08:55:25', 'login user=Dávid Réczeg'),
	(313, 'INFO', '2025-10-01 09:10:22', 'login user=Benett Brendon Badó'),
	(314, 'INFO', '2025-10-01 09:16:16', 'login user=Benett Brendon Badó'),
	(315, 'INFO', '2025-10-01 10:45:26', 'login user=Rebeka Papp'),
	(316, 'INFO', '2025-10-01 10:45:32', 'login user=Papp'),
	(317, 'INFO', '2025-10-01 10:45:42', 'login user=Rebeka Papp'),
	(318, 'INFO', '2025-10-01 10:45:45', 'login user=Rebeka Papp'),
	(319, 'INFO', '2025-10-02 08:39:39', 'login user=Rebeka Papp'),
	(320, 'INFO', '2025-10-02 09:11:36', 'login user=Rebeka Papp'),
	(321, 'INFO', '2025-10-02 09:12:24', 'login user=Rebeka Papp'),
	(322, 'INFO', '2025-10-02 09:12:56', 'login user=Rebeka Papp'),
	(323, 'INFO', '2025-10-02 10:00:26', 'login user=Dávid Réczeg'),
	(324, 'INFO', '2025-10-02 10:01:57', 'login user=Dávid Réczeg'),
	(325, 'INFO', '2025-10-02 10:04:43', 'login user=Dávid Réczeg'),
	(326, 'INFO', '2025-10-02 10:04:51', 'login user=Benett Brendon Badó'),
	(327, 'INFO', '2025-10-02 10:06:53', 'login user=Dávid réczeg'),
	(328, 'INFO', '2025-10-02 10:06:56', 'login_redirect_1 clientId=592681031902-0prnralr3p1udmkhodepqtohe8qjvpdl.apps.googleusercontent.com'),
	(329, 'INFO', '2025-10-02 10:07:05', 'login_redirect_2 clientId=592681031902-0prnralr3p1udmkhodepqtohe8qjvpdl.apps.googleusercontent.com email=reczegd@gmail.com'),
	(330, 'INFO', '2025-10-02 10:07:14', 'user_registration clientId=592681031902-0prnralr3p1udmkhodepqtohe8qjvpdl.apps.googleusercontent.com username=Dávid Réczeg email=reczegd@gmail.com'),
	(331, 'INFO', '2025-10-02 10:13:36', 'login user=Rebeka Papp'),
	(332, 'INFO', '2025-10-02 10:15:47', 'login user=Rebeka Papp'),
	(333, 'INFO', '2025-10-02 11:08:07', 'login user=Benett Brendon Badó'),
	(334, 'INFO', '2025-10-02 11:08:08', 'login user=Benett Brendon Badó'),
	(335, 'INFO', '2025-10-02 11:08:08', 'login user=Benett Brendon Badó'),
	(336, 'INFO', '2025-10-02 11:08:08', 'login user=Benett Brendon Badó'),
	(337, 'INFO', '2025-10-02 11:08:08', 'login user=Benett Brendon Badó'),
	(338, 'INFO', '2025-10-02 11:08:09', 'login user=Benett Brendon Badó'),
	(339, 'INFO', '2025-10-02 11:08:11', 'login_redirect_1 clientId=592681031902-0prnralr3p1udmkhodepqtohe8qjvpdl.apps.googleusercontent.com'),
	(340, 'INFO', '2025-10-02 11:08:22', 'login_redirect_2 clientId=592681031902-0prnralr3p1udmkhodepqtohe8qjvpdl.apps.googleusercontent.com email=bado.benett.brendon@gmail.com'),
	(341, 'INFO', '2025-10-02 11:08:41', 'user_registration clientId=592681031902-0prnralr3p1udmkhodepqtohe8qjvpdl.apps.googleusercontent.com username=Benett Brendon Badó email=bado.benett.brendon@gmail.com'),
	(342, 'INFO', '2025-10-02 11:13:16', 'login user=Dávid Réczeg'),
	(343, 'INFO', '2025-10-06 06:59:30', 'login user=Rebeka Papp'),
	(344, 'INFO', '2025-10-06 07:16:15', 'login user=Dávid Réczeg '),
	(345, 'INFO', '2025-10-06 07:29:35', 'login_redirect_1 clientId=592681031902-0prnralr3p1udmkhodepqtohe8qjvpdl.apps.googleusercontent.com'),
	(346, 'INFO', '2025-10-06 07:29:44', 'login_redirect_2 clientId=592681031902-0prnralr3p1udmkhodepqtohe8qjvpdl.apps.googleusercontent.com email=reczegd@gmail.com'),
	(347, 'INFO', '2025-10-06 07:29:49', 'user_registration clientId=592681031902-0prnralr3p1udmkhodepqtohe8qjvpdl.apps.googleusercontent.com username=Dávid Réczeg email=reczegd@gmail.com'),
	(348, 'INFO', '2025-10-06 07:48:53', 'login_redirect_1 clientId=592681031902-0prnralr3p1udmkhodepqtohe8qjvpdl.apps.googleusercontent.com'),
	(349, 'INFO', '2025-10-06 07:48:58', 'login user=Rebeka Papp'),
	(350, 'INFO', '2025-10-06 07:49:02', 'login_redirect_2 clientId=592681031902-0prnralr3p1udmkhodepqtohe8qjvpdl.apps.googleusercontent.com email=bado.benett.brendon@gmail.com'),
	(351, 'INFO', '2025-10-06 07:49:03', 'login_redirect_1 clientId=592681031902-0prnralr3p1udmkhodepqtohe8qjvpdl.apps.googleusercontent.com'),
	(352, 'INFO', '2025-10-06 07:49:13', 'user_registration clientId=592681031902-0prnralr3p1udmkhodepqtohe8qjvpdl.apps.googleusercontent.com username=Benett Brendon Badó email=bado.benett.brendon@gmail.com'),
	(353, 'INFO', '2025-10-06 07:49:13', 'login_redirect_2 clientId=592681031902-0prnralr3p1udmkhodepqtohe8qjvpdl.apps.googleusercontent.com email=papp.r.606@gmail.com'),
	(354, 'INFO', '2025-10-06 07:49:16', 'user_registration clientId=592681031902-0prnralr3p1udmkhodepqtohe8qjvpdl.apps.googleusercontent.com username=Rebeka Papp email=papp.r.606@gmail.com'),
	(355, 'INFO', '2025-10-06 07:51:32', 'login user=Rebeka Papp'),
	(356, 'INFO', '2025-10-06 08:01:02', 'login user=Rebeka Papp'),
	(357, 'INFO', '2025-10-06 08:01:07', 'login user=Dávid Réczeg'),
	(358, 'INFO', '2025-10-06 08:04:08', 'login_redirect_1 clientId=592681031902-0prnralr3p1udmkhodepqtohe8qjvpdl.apps.googleusercontent.com'),
	(359, 'INFO', '2025-10-06 08:04:16', 'login_redirect_2 clientId=592681031902-0prnralr3p1udmkhodepqtohe8qjvpdl.apps.googleusercontent.com email=papp.r.606@gmail.com'),
	(360, 'INFO', '2025-10-06 08:04:18', 'user_registration clientId=592681031902-0prnralr3p1udmkhodepqtohe8qjvpdl.apps.googleusercontent.com username=Rebeka Papp email=papp.r.606@gmail.com'),
	(361, 'INFO', '2025-10-07 07:50:12', 'login_redirect_1 clientId=592681031902-0prnralr3p1udmkhodepqtohe8qjvpdl.apps.googleusercontent.com'),
	(362, 'INFO', '2025-10-07 07:51:40', 'login_redirect_1 clientId=592681031902-0prnralr3p1udmkhodepqtohe8qjvpdl.apps.googleusercontent.com'),
	(363, 'INFO', '2025-10-07 07:54:12', 'login_redirect_1 clientId=592681031902-0prnralr3p1udmkhodepqtohe8qjvpdl.apps.googleusercontent.com'),
	(364, 'INFO', '2025-10-07 07:56:27', 'login_redirect_1 clientId=592681031902-0prnralr3p1udmkhodepqtohe8qjvpdl.apps.googleusercontent.com'),
	(365, 'INFO', '2025-10-07 07:57:16', 'login_redirect_1 clientId=592681031902-0prnralr3p1udmkhodepqtohe8qjvpdl.apps.googleusercontent.com'),
	(366, 'INFO', '2025-10-07 07:58:58', 'login_redirect_1 clientId=592681031902-0prnralr3p1udmkhodepqtohe8qjvpdl.apps.googleusercontent.com'),
	(367, 'INFO', '2025-10-07 08:04:35', 'login_redirect_1 clientId=592681031902-0prnralr3p1udmkhodepqtohe8qjvpdl.apps.googleusercontent.com'),
	(368, 'INFO', '2025-10-07 08:05:27', 'login_redirect_1 clientId=592681031902-0prnralr3p1udmkhodepqtohe8qjvpdl.apps.googleusercontent.com'),
	(369, 'INFO', '2025-10-07 08:09:44', 'login_redirect_1 clientId=592681031902-0prnralr3p1udmkhodepqtohe8qjvpdl.apps.googleusercontent.com'),
	(370, 'INFO', '2025-10-07 08:13:11', 'login_redirect_1 clientId=592681031902-0prnralr3p1udmkhodepqtohe8qjvpdl.apps.googleusercontent.com'),
	(371, 'INFO', '2025-10-07 08:13:55', 'login_redirect_1 clientId=592681031902-0prnralr3p1udmkhodepqtohe8qjvpdl.apps.googleusercontent.com'),
	(372, 'INFO', '2025-10-07 08:15:14', 'login_redirect_1 clientId=592681031902-0prnralr3p1udmkhodepqtohe8qjvpdl.apps.googleusercontent.com'),
	(373, 'INFO', '2025-10-07 08:17:15', 'login_redirect_1 clientId=592681031902-0prnralr3p1udmkhodepqtohe8qjvpdl.apps.googleusercontent.com'),
	(374, 'INFO', '2025-10-07 08:17:24', 'login_redirect_2 clientId=592681031902-0prnralr3p1udmkhodepqtohe8qjvpdl.apps.googleusercontent.com email=papp.r.606@gmail.com'),
	(375, 'INFO', '2025-10-07 08:24:31', 'login_redirect_1 clientId=592681031902-0prnralr3p1udmkhodepqtohe8qjvpdl.apps.googleusercontent.com'),
	(376, 'INFO', '2025-10-07 08:24:39', 'login_redirect_2 clientId=592681031902-0prnralr3p1udmkhodepqtohe8qjvpdl.apps.googleusercontent.com email=papp.r.606@gmail.com'),
	(377, 'INFO', '2025-10-07 08:27:55', 'login_redirect_1 clientId=592681031902-0prnralr3p1udmkhodepqtohe8qjvpdl.apps.googleusercontent.com'),
	(378, 'INFO', '2025-10-07 08:28:02', 'login_redirect_2 clientId=592681031902-0prnralr3p1udmkhodepqtohe8qjvpdl.apps.googleusercontent.com email=papp.r.606@gmail.com'),
	(379, 'INFO', '2025-10-07 08:29:30', 'login_redirect_1 clientId=592681031902-0prnralr3p1udmkhodepqtohe8qjvpdl.apps.googleusercontent.com'),
	(380, 'INFO', '2025-10-07 08:29:42', 'login_redirect_2 clientId=592681031902-0prnralr3p1udmkhodepqtohe8qjvpdl.apps.googleusercontent.com email=papp.r.606@gmail.com'),
	(381, 'INFO', '2025-10-07 08:37:58', 'login_redirect_1 clientId=592681031902-0prnralr3p1udmkhodepqtohe8qjvpdl.apps.googleusercontent.com'),
	(382, 'INFO', '2025-10-07 08:38:05', 'login_redirect_2 clientId=592681031902-0prnralr3p1udmkhodepqtohe8qjvpdl.apps.googleusercontent.com email=papp.r.606@gmail.com'),
	(383, 'INFO', '2025-10-07 08:42:04', 'login_redirect_1 clientId=592681031902-0prnralr3p1udmkhodepqtohe8qjvpdl.apps.googleusercontent.com'),
	(384, 'INFO', '2025-10-07 08:42:13', 'login_redirect_2 clientId=592681031902-0prnralr3p1udmkhodepqtohe8qjvpdl.apps.googleusercontent.com email=papp.r.606@gmail.com'),
	(385, 'INFO', '2025-10-07 08:44:08', 'login_redirect_1 clientId=592681031902-0prnralr3p1udmkhodepqtohe8qjvpdl.apps.googleusercontent.com'),
	(386, 'INFO', '2025-10-07 08:44:16', 'login_redirect_2 clientId=592681031902-0prnralr3p1udmkhodepqtohe8qjvpdl.apps.googleusercontent.com email=papp.r.606@gmail.com'),
	(387, 'INFO', '2025-10-07 08:46:02', 'login_redirect_1 clientId=592681031902-0prnralr3p1udmkhodepqtohe8qjvpdl.apps.googleusercontent.com'),
	(388, 'INFO', '2025-10-07 08:46:11', 'login_redirect_2 clientId=592681031902-0prnralr3p1udmkhodepqtohe8qjvpdl.apps.googleusercontent.com email=papp.r.606@gmail.com'),
	(389, 'INFO', '2025-10-07 08:48:00', 'login_redirect_1 clientId=592681031902-0prnralr3p1udmkhodepqtohe8qjvpdl.apps.googleusercontent.com'),
	(390, 'INFO', '2025-10-07 08:48:10', 'login_redirect_2 clientId=592681031902-0prnralr3p1udmkhodepqtohe8qjvpdl.apps.googleusercontent.com email=papp.r.606@gmail.com'),
	(391, 'INFO', '2025-10-07 08:51:52', 'login_redirect_1 clientId=592681031902-0prnralr3p1udmkhodepqtohe8qjvpdl.apps.googleusercontent.com'),
	(392, 'INFO', '2025-10-07 08:52:01', 'login_redirect_2 clientId=592681031902-0prnralr3p1udmkhodepqtohe8qjvpdl.apps.googleusercontent.com email=papp.r.606@gmail.com'),
	(393, 'INFO', '2025-10-07 08:53:35', 'login_redirect_1 clientId=592681031902-0prnralr3p1udmkhodepqtohe8qjvpdl.apps.googleusercontent.com'),
	(394, 'INFO', '2025-10-07 08:53:43', 'login_redirect_2 clientId=592681031902-0prnralr3p1udmkhodepqtohe8qjvpdl.apps.googleusercontent.com email=papp.r.606@gmail.com'),
	(395, 'INFO', '2025-10-07 08:58:30', 'login_redirect_1 clientId=592681031902-0prnralr3p1udmkhodepqtohe8qjvpdl.apps.googleusercontent.com'),
	(396, 'INFO', '2025-10-07 08:58:38', 'login_redirect_2 clientId=592681031902-0prnralr3p1udmkhodepqtohe8qjvpdl.apps.googleusercontent.com email=papp.r.606@gmail.com'),
	(397, 'INFO', '2025-10-07 09:00:06', 'login_redirect_1 clientId=592681031902-0prnralr3p1udmkhodepqtohe8qjvpdl.apps.googleusercontent.com'),
	(398, 'INFO', '2025-10-07 09:00:20', 'login_redirect_2 clientId=592681031902-0prnralr3p1udmkhodepqtohe8qjvpdl.apps.googleusercontent.com email=papp.r.606@gmail.com'),
	(399, 'INFO', '2025-10-07 11:47:38', 'login user=Rebeka Papp'),
	(400, 'INFO', '2025-10-07 12:25:56', 'login user=Rebeka Papp'),
	(401, 'INFO', '2025-10-07 12:26:49', 'login user=Rebeka Papp'),
	(402, 'INFO', '2025-10-07 12:30:51', 'login user=Rebeka Papp'),
	(403, 'INFO', '2025-10-07 12:36:55', 'login user=Rebeka Papp'),
	(404, 'INFO', '2025-10-08 08:06:02', 'login_redirect_1 clientId=592681031902-0prnralr3p1udmkhodepqtohe8qjvpdl.apps.googleusercontent.com'),
	(405, 'INFO', '2025-10-08 08:06:09', 'login_redirect_2 clientId=592681031902-0prnralr3p1udmkhodepqtohe8qjvpdl.apps.googleusercontent.com email=reczegd@gmail.com'),
	(406, 'INFO', '2025-10-08 08:14:29', 'login_redirect_1 clientId=592681031902-0prnralr3p1udmkhodepqtohe8qjvpdl.apps.googleusercontent.com'),
	(407, 'INFO', '2025-10-08 08:15:44', 'login_redirect_1 clientId=592681031902-0prnralr3p1udmkhodepqtohe8qjvpdl.apps.googleusercontent.com'),
	(408, 'INFO', '2025-10-08 08:15:49', 'login_redirect_1 clientId=592681031902-0prnralr3p1udmkhodepqtohe8qjvpdl.apps.googleusercontent.com'),
	(409, 'INFO', '2025-10-08 08:15:55', 'login_redirect_2 clientId=592681031902-0prnralr3p1udmkhodepqtohe8qjvpdl.apps.googleusercontent.com email=reczegd@gmail.com'),
	(410, 'INFO', '2025-10-08 08:23:56', 'login_redirect_1 clientId=592681031902-0prnralr3p1udmkhodepqtohe8qjvpdl.apps.googleusercontent.com'),
	(411, 'INFO', '2025-10-08 08:24:04', 'login_redirect_2 clientId=592681031902-0prnralr3p1udmkhodepqtohe8qjvpdl.apps.googleusercontent.com email=papp.r.606@gmail.com'),
	(412, 'INFO', '2025-10-08 08:24:43', 'login_redirect_1 clientId=592681031902-0prnralr3p1udmkhodepqtohe8qjvpdl.apps.googleusercontent.com'),
	(413, 'INFO', '2025-10-08 08:24:56', 'login_redirect_2 clientId=592681031902-0prnralr3p1udmkhodepqtohe8qjvpdl.apps.googleusercontent.com email=papp.r.606@gmail.com'),
	(414, 'INFO', '2025-10-08 08:25:53', 'login_redirect_1 clientId=592681031902-0prnralr3p1udmkhodepqtohe8qjvpdl.apps.googleusercontent.com'),
	(415, 'INFO', '2025-10-08 08:26:02', 'login_redirect_2 clientId=592681031902-0prnralr3p1udmkhodepqtohe8qjvpdl.apps.googleusercontent.com email=papp.r.606@gmail.com'),
	(416, 'INFO', '2025-10-08 08:28:23', 'login_redirect_1 clientId=592681031902-0prnralr3p1udmkhodepqtohe8qjvpdl.apps.googleusercontent.com'),
	(417, 'INFO', '2025-10-08 08:28:29', 'login_redirect_2 clientId=592681031902-0prnralr3p1udmkhodepqtohe8qjvpdl.apps.googleusercontent.com email=papp.r.606@gmail.com'),
	(418, 'INFO', '2025-10-08 09:15:18', 'login_redirect_1 clientId=592681031902-0prnralr3p1udmkhodepqtohe8qjvpdl.apps.googleusercontent.com'),
	(419, 'INFO', '2025-10-08 09:15:26', 'login_redirect_2 clientId=592681031902-0prnralr3p1udmkhodepqtohe8qjvpdl.apps.googleusercontent.com email=bado.benett.brendon@gmail.com'),
	(420, 'INFO', '2025-10-09 10:38:16', 'login_redirect_1 clientId=592681031902-0prnralr3p1udmkhodepqtohe8qjvpdl.apps.googleusercontent.com'),
	(421, 'INFO', '2025-10-09 10:38:26', 'login_redirect_2 clientId=592681031902-0prnralr3p1udmkhodepqtohe8qjvpdl.apps.googleusercontent.com email=bado.benett.brendon@gmail.com'),
	(422, 'INFO', '2025-10-09 10:39:16', 'login_redirect_1 clientId=592681031902-0prnralr3p1udmkhodepqtohe8qjvpdl.apps.googleusercontent.com'),
	(423, 'INFO', '2025-10-09 10:39:23', 'login_redirect_2 clientId=592681031902-0prnralr3p1udmkhodepqtohe8qjvpdl.apps.googleusercontent.com email=bado.benett.brendon@gmail.com'),
	(424, 'INFO', '2025-10-09 10:43:30', 'login_redirect_1 clientId=592681031902-0prnralr3p1udmkhodepqtohe8qjvpdl.apps.googleusercontent.com'),
	(425, 'INFO', '2025-10-09 10:43:39', 'login_redirect_2 clientId=592681031902-0prnralr3p1udmkhodepqtohe8qjvpdl.apps.googleusercontent.com email=bado.benett.brendon@gmail.com'),
	(426, 'INFO', '2025-10-09 10:50:16', 'login_redirect_1 clientId=592681031902-0prnralr3p1udmkhodepqtohe8qjvpdl.apps.googleusercontent.com'),
	(427, 'INFO', '2025-10-09 10:50:39', 'login_redirect_2 clientId=592681031902-0prnralr3p1udmkhodepqtohe8qjvpdl.apps.googleusercontent.com email=bado.benett.brendon@gmail.com'),
	(428, 'INFO', '2025-10-09 10:51:12', 'login_redirect_1 clientId=592681031902-0prnralr3p1udmkhodepqtohe8qjvpdl.apps.googleusercontent.com'),
	(429, 'INFO', '2025-10-09 10:51:18', 'login_redirect_2 clientId=592681031902-0prnralr3p1udmkhodepqtohe8qjvpdl.apps.googleusercontent.com email=bado.benett.brendon@gmail.com'),
	(430, 'INFO', '2025-10-09 10:54:49', 'login_redirect_1 clientId=592681031902-0prnralr3p1udmkhodepqtohe8qjvpdl.apps.googleusercontent.com'),
	(431, 'INFO', '2025-10-09 10:54:56', 'login_redirect_2 clientId=592681031902-0prnralr3p1udmkhodepqtohe8qjvpdl.apps.googleusercontent.com email=bado.benett.brendon@gmail.com'),
	(432, 'INFO', '2025-10-09 10:56:26', 'login_redirect_1 clientId=592681031902-0prnralr3p1udmkhodepqtohe8qjvpdl.apps.googleusercontent.com'),
	(433, 'INFO', '2025-10-09 10:56:34', 'login_redirect_2 clientId=592681031902-0prnralr3p1udmkhodepqtohe8qjvpdl.apps.googleusercontent.com email=bado.benett.brendon@gmail.com'),
	(434, 'INFO', '2025-10-09 10:57:26', 'login_redirect_1 clientId=592681031902-0prnralr3p1udmkhodepqtohe8qjvpdl.apps.googleusercontent.com'),
	(435, 'INFO', '2025-10-09 10:57:35', 'login_redirect_2 clientId=592681031902-0prnralr3p1udmkhodepqtohe8qjvpdl.apps.googleusercontent.com email=bado.benett.brendon@gmail.com'),
	(436, 'INFO', '2025-10-09 10:59:25', 'login_redirect_1 clientId=592681031902-0prnralr3p1udmkhodepqtohe8qjvpdl.apps.googleusercontent.com'),
	(437, 'INFO', '2025-10-09 10:59:33', 'login_redirect_2 clientId=592681031902-0prnralr3p1udmkhodepqtohe8qjvpdl.apps.googleusercontent.com email=bado.benett.brendon@gmail.com'),
	(438, 'INFO', '2025-10-09 11:01:04', 'login_redirect_1 clientId=592681031902-0prnralr3p1udmkhodepqtohe8qjvpdl.apps.googleusercontent.com'),
	(439, 'INFO', '2025-10-09 11:01:15', 'login_redirect_2 clientId=592681031902-0prnralr3p1udmkhodepqtohe8qjvpdl.apps.googleusercontent.com email=bado.benett.brendon@gmail.com'),
	(440, 'INFO', '2025-10-09 11:02:36', 'login_redirect_1 clientId=592681031902-0prnralr3p1udmkhodepqtohe8qjvpdl.apps.googleusercontent.com'),
	(441, 'INFO', '2025-10-09 11:02:46', 'login_redirect_2 clientId=592681031902-0prnralr3p1udmkhodepqtohe8qjvpdl.apps.googleusercontent.com email=bado.benett.brendon@gmail.com'),
	(442, 'INFO', '2025-10-09 11:06:49', 'login_redirect_1 clientId=592681031902-0prnralr3p1udmkhodepqtohe8qjvpdl.apps.googleusercontent.com'),
	(443, 'INFO', '2025-10-09 11:06:57', 'login_redirect_2 clientId=592681031902-0prnralr3p1udmkhodepqtohe8qjvpdl.apps.googleusercontent.com email=bado.benett.brendon@gmail.com'),
	(444, 'INFO', '2025-10-09 11:09:35', 'login_redirect_1 clientId=592681031902-0prnralr3p1udmkhodepqtohe8qjvpdl.apps.googleusercontent.com'),
	(445, 'INFO', '2025-10-09 11:10:29', 'login_redirect_2 clientId=592681031902-0prnralr3p1udmkhodepqtohe8qjvpdl.apps.googleusercontent.com email=bado.benett.brendon@gmail.com'),
	(446, 'INFO', '2025-10-09 11:11:54', 'login_redirect_1 clientId=592681031902-0prnralr3p1udmkhodepqtohe8qjvpdl.apps.googleusercontent.com'),
	(447, 'INFO', '2025-10-09 11:12:02', 'login_redirect_2 clientId=592681031902-0prnralr3p1udmkhodepqtohe8qjvpdl.apps.googleusercontent.com email=bado.benett.brendon@gmail.com'),
	(448, 'INFO', '2025-10-09 11:13:39', 'login_redirect_1 clientId=592681031902-0prnralr3p1udmkhodepqtohe8qjvpdl.apps.googleusercontent.com'),
	(449, 'INFO', '2025-10-09 11:13:50', 'login_redirect_2 clientId=592681031902-0prnralr3p1udmkhodepqtohe8qjvpdl.apps.googleusercontent.com email=bado.benett.brendon@gmail.com'),
	(450, 'INFO', '2025-10-09 11:14:49', 'login_redirect_1 clientId=592681031902-0prnralr3p1udmkhodepqtohe8qjvpdl.apps.googleusercontent.com'),
	(451, 'INFO', '2025-10-09 11:14:58', 'login_redirect_2 clientId=592681031902-0prnralr3p1udmkhodepqtohe8qjvpdl.apps.googleusercontent.com email=bado.benett.brendon@gmail.com'),
	(452, 'INFO', '2025-10-09 11:15:29', 'login_redirect_1 clientId=592681031902-0prnralr3p1udmkhodepqtohe8qjvpdl.apps.googleusercontent.com'),
	(453, 'INFO', '2025-10-09 11:15:38', 'login_redirect_2 clientId=592681031902-0prnralr3p1udmkhodepqtohe8qjvpdl.apps.googleusercontent.com email=bado.benett.brendon@gmail.com'),
	(454, 'INFO', '2025-10-13 06:10:01', 'login_redirect_1 clientId=592681031902-0prnralr3p1udmkhodepqtohe8qjvpdl.apps.googleusercontent.com'),
	(455, 'INFO', '2025-10-13 06:10:09', 'login_redirect_2 clientId=592681031902-0prnralr3p1udmkhodepqtohe8qjvpdl.apps.googleusercontent.com email=bado.benett.brendon@gmail.com'),
	(456, 'INFO', '2025-10-13 06:10:25', 'login_redirect_1 clientId=592681031902-0prnralr3p1udmkhodepqtohe8qjvpdl.apps.googleusercontent.com'),
	(457, 'INFO', '2025-10-13 06:10:34', 'login_redirect_2 clientId=592681031902-0prnralr3p1udmkhodepqtohe8qjvpdl.apps.googleusercontent.com email=bado.benett.brendon@gmail.com'),
	(458, 'INFO', '2025-10-13 06:12:04', 'login_redirect_1 clientId=592681031902-0prnralr3p1udmkhodepqtohe8qjvpdl.apps.googleusercontent.com'),
	(459, 'INFO', '2025-10-13 06:12:10', 'login_redirect_2 clientId=592681031902-0prnralr3p1udmkhodepqtohe8qjvpdl.apps.googleusercontent.com email=bado.benett.brendon@gmail.com'),
	(460, 'INFO', '2025-10-13 06:12:44', 'login_redirect_1 clientId=592681031902-0prnralr3p1udmkhodepqtohe8qjvpdl.apps.googleusercontent.com'),
	(461, 'INFO', '2025-10-13 06:12:50', 'login_redirect_2 clientId=592681031902-0prnralr3p1udmkhodepqtohe8qjvpdl.apps.googleusercontent.com email=bado.benett.brendon@gmail.com'),
	(462, 'INFO', '2025-10-13 06:24:07', 'login_redirect_1 clientId=592681031902-0prnralr3p1udmkhodepqtohe8qjvpdl.apps.googleusercontent.com'),
	(463, 'INFO', '2025-10-13 06:28:06', 'login_redirect_2 clientId=592681031902-0prnralr3p1udmkhodepqtohe8qjvpdl.apps.googleusercontent.com email=bado.benett.brendon@gmail.com'),
	(464, 'INFO', '2025-10-14 06:44:24', 'update_password email=papp.r.606@gmail.com'),
	(465, 'INFO', '2025-10-19 20:38:36', 'update_password email=papp.r.606@gmail.com'),
	(466, 'INFO', '2025-10-19 20:40:35', 'login_redirect_1 clientId=592681031902-0prnralr3p1udmkhodepqtohe8qjvpdl.apps.googleusercontent.com'),
	(467, 'INFO', '2025-10-19 20:41:32', 'login_redirect_1 clientId=592681031902-0prnralr3p1udmkhodepqtohe8qjvpdl.apps.googleusercontent.com'),
	(468, 'INFO', '2025-10-19 20:41:38', 'login_redirect_2 clientId=592681031902-0prnralr3p1udmkhodepqtohe8qjvpdl.apps.googleusercontent.com email=papp.r.606@gmail.com'),
	(469, 'INFO', '2025-10-19 20:49:05', 'login_redirect_1 clientId=592681031902-0prnralr3p1udmkhodepqtohe8qjvpdl.apps.googleusercontent.com'),
	(470, 'INFO', '2025-10-19 20:49:15', 'login_redirect_2 clientId=592681031902-0prnralr3p1udmkhodepqtohe8qjvpdl.apps.googleusercontent.com email=papp.r.606@gmail.com'),
	(471, 'INFO', '2025-10-19 20:50:17', 'login_redirect_1 clientId=592681031902-0prnralr3p1udmkhodepqtohe8qjvpdl.apps.googleusercontent.com'),
	(472, 'INFO', '2025-10-19 20:50:36', 'login_redirect_2 clientId=592681031902-0prnralr3p1udmkhodepqtohe8qjvpdl.apps.googleusercontent.com email=papp.r.606@gmail.com'),
	(473, 'INFO', '2025-10-19 21:01:00', 'login_redirect_1 clientId=592681031902-0prnralr3p1udmkhodepqtohe8qjvpdl.apps.googleusercontent.com'),
	(474, 'INFO', '2025-10-19 21:01:11', 'login_redirect_2 clientId=592681031902-0prnralr3p1udmkhodepqtohe8qjvpdl.apps.googleusercontent.com email=papp.r.606@gmail.com'),
	(475, 'INFO', '2025-10-20 06:42:08', 'login_redirect_1 clientId=592681031902-0prnralr3p1udmkhodepqtohe8qjvpdl.apps.googleusercontent.com'),
	(476, 'INFO', '2025-10-20 06:42:18', 'login_redirect_2 clientId=592681031902-0prnralr3p1udmkhodepqtohe8qjvpdl.apps.googleusercontent.com email=papp.r.606@gmail.com'),
	(477, 'INFO', '2025-10-20 06:46:52', 'login_redirect_1 clientId=592681031902-0prnralr3p1udmkhodepqtohe8qjvpdl.apps.googleusercontent.com'),
	(478, 'INFO', '2025-10-20 06:47:01', 'login_redirect_2 clientId=592681031902-0prnralr3p1udmkhodepqtohe8qjvpdl.apps.googleusercontent.com email=bado.benett.brendon@gmail.com'),
	(479, 'INFO', '2025-10-21 08:09:26', 'login_redirect_2 clientId=592681031902-0prnralr3p1udmkhodepqtohe8qjvpdl.apps.googleusercontent.com email=reczegd@gmail.com'),
	(480, 'INFO', '2025-11-03 08:04:19', 'login_redirect_2 clientId=592681031902-0prnralr3p1udmkhodepqtohe8qjvpdl.apps.googleusercontent.com email=papp.r.606@gmail.com'),
	(481, 'INFO', '2025-11-03 08:21:41', 'login_redirect_2 clientId=592681031902-0prnralr3p1udmkhodepqtohe8qjvpdl.apps.googleusercontent.com email=reczegd@gmail.com'),
	(482, 'INFO', '2025-11-03 08:23:54', 'login_redirect_2 clientId=592681031902-0prnralr3p1udmkhodepqtohe8qjvpdl.apps.googleusercontent.com email=reczegd@gmail.com'),
	(483, 'INFO', '2025-11-03 09:44:02', 'login_redirect_2 clientId=592681031902-0prnralr3p1udmkhodepqtohe8qjvpdl.apps.googleusercontent.com email=papp.r.606@gmail.com'),
	(484, 'INFO', '2025-11-03 09:45:14', 'login_redirect_2 clientId=592681031902-0prnralr3p1udmkhodepqtohe8qjvpdl.apps.googleusercontent.com email=reczegd@gmail.com'),
	(485, 'INFO', '2025-11-06 11:18:11', 'login_redirect_2 clientId=592681031902-0prnralr3p1udmkhodepqtohe8qjvpdl.apps.googleusercontent.com email=sz7.cloudconsole@gmail.com'),
	(486, 'INFO', '2025-11-07 10:09:06', 'update_password email=bado.benett.brendon@gmail.com'),
	(487, 'INFO', '2025-11-07 10:15:57', 'update_password email=bado.benett.brendon@gmail.com'),
	(488, 'INFO', '2025-11-07 11:51:51', 'login_redirect_2 clientId=592681031902-0prnralr3p1udmkhodepqtohe8qjvpdl.apps.googleusercontent.com email=bado.benett.brendon@gmail.com'),
	(489, 'INFO', '2025-11-10 07:47:50', 'login_redirect_2 clientId=592681031902-0prnralr3p1udmkhodepqtohe8qjvpdl.apps.googleusercontent.com email=papp.r.606@gmail.com'),
	(490, 'INFO', '2025-11-10 07:48:02', 'login_redirect_2 clientId=592681031902-0prnralr3p1udmkhodepqtohe8qjvpdl.apps.googleusercontent.com email=reczegd@gmail.com'),
	(491, 'INFO', '2025-11-10 08:52:35', 'login_redirect_2 clientId=592681031902-0prnralr3p1udmkhodepqtohe8qjvpdl.apps.googleusercontent.com email=papp.r.606@gmail.com'),
	(492, 'INFO', '2025-11-10 08:52:35', 'login_redirect_2 clientId=592681031902-0prnralr3p1udmkhodepqtohe8qjvpdl.apps.googleusercontent.com email=reczegd@gmail.com'),
	(493, 'INFO', '2025-11-10 08:53:21', 'login_redirect_2 clientId=592681031902-0prnralr3p1udmkhodepqtohe8qjvpdl.apps.googleusercontent.com email=bado.benett.brendon@gmail.com'),
	(494, 'INFO', '2025-11-10 10:05:29', 'login_redirect_2 clientId=592681031902-0prnralr3p1udmkhodepqtohe8qjvpdl.apps.googleusercontent.com email=papp.r.606@gmail.com'),
	(495, 'INFO', '2025-11-19 17:54:44', 'login_redirect_2 email=badobobo06@gmail.com'),
	(496, 'INFO', '2025-11-21 09:40:23', 'login_redirect_2 email=reczegd@gmail.com'),
	(497, 'INFO', '2025-12-01 08:21:33', 'login_redirect_2 email=reczegd@gmail.com'),
	(498, 'INFO', '2025-12-01 08:21:49', 'login_redirect_2 email=reczegd@gmail.com'),
	(499, 'INFO', '2025-12-01 08:27:35', 'login_redirect_2 email=reczegd@gmail.com'),
	(500, 'INFO', '2025-12-01 08:28:01', 'login_redirect_2 email=reczegd@gmail.com'),
	(501, 'INFO', '2025-12-01 08:28:40', 'login_redirect_2 email=reczegd@gmail.com'),
	(502, 'INFO', '2025-12-01 08:33:25', 'login_redirect_2 email=reczegd@gmail.com'),
	(503, 'INFO', '2025-12-01 08:34:56', 'login_redirect_2 email=reczegd@gmail.com'),
	(504, 'INFO', '2025-12-01 08:36:08', 'login_redirect_2 email=reczegd@gmail.com'),
	(505, 'INFO', '2025-12-01 08:46:43', 'login_redirect_2 email=reczegd@gmail.com'),
	(506, 'INFO', '2025-12-01 08:47:41', 'login_redirect_2 email=reczegd@gmail.com'),
	(507, 'INFO', '2025-12-02 07:31:00', 'login_redirect_2 email=reczegd@gmail.com'),
	(508, 'INFO', '2025-12-02 07:31:25', 'login_redirect_2 email=reczegd@gmail.com'),
	(509, 'INFO', '2025-12-02 07:32:52', 'login_redirect_2 email=reczegd@gmail.com'),
	(510, 'INFO', '2025-12-02 07:54:38', 'login_redirect_2 email=reczegd@gmail.com'),
	(511, 'INFO', '2025-12-02 09:38:52', 'login_redirect_2 email=reczegd@gmail.com'),
	(512, 'INFO', '2025-12-03 12:06:08', 'login_redirect_2 email=papp.r.606@gmail.com'),
	(513, 'INFO', '2025-12-03 12:09:40', 'login_redirect_2 email=papp.r.606@gmail.com'),
	(514, 'INFO', '2025-12-03 12:22:31', 'login_redirect_2 email=papp.r.606@gmail.com'),
	(515, 'INFO', '2025-12-03 12:29:37', 'login_redirect_2 email=papp.r.606@gmail.com'),
	(516, 'INFO', '2025-12-03 12:34:43', 'login_redirect_2 email=papp.r.606@gmail.com'),
	(517, 'INFO', '2025-12-03 12:36:26', 'login_redirect_2 email=papp.r.606@gmail.com'),
	(518, 'INFO', '2025-12-03 12:38:30', 'login_redirect_2 email=papp.r.606@gmail.com'),
	(519, 'INFO', '2025-12-03 12:42:01', 'login_redirect_2 email=papp.r.606@gmail.com'),
	(520, 'INFO', '2025-12-03 12:50:21', 'login_redirect_2 email=papp.r.606@gmail.com'),
	(521, 'INFO', '2025-12-03 12:53:42', 'login_redirect_2 email=papp.r.606@gmail.com'),
	(522, 'INFO', '2025-12-03 13:03:54', 'login_redirect_2 email=papp.r.606@gmail.com'),
	(523, 'INFO', '2025-12-04 09:00:28', 'login_redirect_2 email=papp.r.606@gmail.com'),
	(524, 'INFO', '2025-12-04 09:12:23', 'login_redirect_2 email=papp.r.606@gmail.com'),
	(525, 'INFO', '2025-12-04 09:13:17', 'login_redirect_2 email=papp.r.606@gmail.com'),
	(526, 'INFO', '2025-12-04 09:27:47', 'login_redirect_2 email=papp.r.606@gmail.com'),
	(527, 'INFO', '2025-12-04 09:32:08', 'login_redirect_2 email=papp.r.606@gmail.com'),
	(528, 'INFO', '2025-12-04 10:53:22', 'login_redirect_2 email=papp.r.606@gmail.com'),
	(529, 'INFO', '2025-12-04 11:19:00', 'login_redirect_2 email=papp.r.606@gmail.com'),
	(530, 'INFO', '2025-12-04 11:20:13', 'login_redirect_2 email=papp.r.606@gmail.com'),
	(531, 'INFO', '2025-12-08 07:12:11', 'login_redirect_2 email=papp.r.606@gmail.com'),
	(532, 'INFO', '2025-12-08 07:44:46', 'login_redirect_2 email=papp.r.606@gmail.com'),
	(533, 'INFO', '2025-12-08 08:31:19', 'login_redirect_2 email=papp.r.606@gmail.com'),
	(534, 'INFO', '2025-12-09 07:02:14', 'login_redirect_2 email=papp.r.606@gmail.com'),
	(535, 'INFO', '2025-12-09 08:49:15', 'login_redirect_2 email=papp.r.606@gmail.com'),
	(536, 'INFO', '2025-12-09 09:02:42', 'login_redirect_2 email=papp.r.606@gmail.com'),
	(537, 'INFO', '2025-12-09 09:07:45', 'login_redirect_2 email=papp.r.606@gmail.com'),
	(538, 'INFO', '2025-12-09 09:11:35', 'login_redirect_2 email=papp.r.606@gmail.com'),
	(539, 'INFO', '2025-12-09 09:19:29', 'login_redirect_2 email=papp.r.606@gmail.com'),
	(540, 'INFO', '2025-12-09 09:23:41', 'login_redirect_2 email=reczegd@gmail.com'),
	(541, 'INFO', '2025-12-09 09:25:57', 'login_redirect_2 email=papp.r.606@gmail.com'),
	(542, 'INFO', '2025-12-09 09:41:29', 'login_redirect_2 email=reczegd@gmail.com'),
	(543, 'INFO', '2025-12-09 09:42:11', 'login_redirect_2 email=papp.r.606@gmail.com'),
	(544, 'INFO', '2025-12-09 09:47:42', 'login_redirect_2 email=papp.r.606@gmail.com'),
	(545, 'INFO', '2025-12-09 09:52:55', 'login_redirect_2 email=papp.r.606@gmail.com'),
	(546, 'INFO', '2025-12-09 10:00:38', 'login_redirect_2 email=papp.r.606@gmail.com'),
	(547, 'INFO', '2025-12-09 12:33:05', 'login_redirect_2 email=papp.r.606@gmail.com');
/*!40000 ALTER TABLE `Naplo` ENABLE KEYS */;

-- Struktúra mentése tábla 2021SZ_reczeg_david. Users
CREATE TABLE IF NOT EXISTS `Users` (
  `id` int(11) NOT NULL AUTO_INCREMENT,
  `Nev` text NOT NULL,
  `Email` text DEFAULT NULL,
  `Jelszo` text NOT NULL,
  `Jogosultsag` text NOT NULL,
  `AccessToken` text DEFAULT NULL,
  `RefreshToken` text DEFAULT NULL,
  `UserToken` text DEFAULT NULL,
  `AccessEletTartam` datetime DEFAULT '0000-00-00 00:00:00',
  `HatterSzin` text DEFAULT NULL,
  `IntezmenyId` int(11) DEFAULT NULL,
  PRIMARY KEY (`id`)
) ENGINE=InnoDB AUTO_INCREMENT=178 DEFAULT CHARSET=utf8mb4 COLLATE=utf8mb4_general_ci;

-- Tábla adatainak mentése 2021SZ_reczeg_david.Users: ~6 rows (hozzávetőleg)
DELETE FROM `Users`;
/*!40000 ALTER TABLE `Users` DISABLE KEYS */;
INSERT INTO `Users` (`id`, `Nev`, `Email`, `Jelszo`, `Jogosultsag`, `AccessToken`, `RefreshToken`, `UserToken`, `AccessEletTartam`, `HatterSzin`, `IntezmenyId`) VALUES
	(1, '', 'sz7.cloudconsole@gmail.com', '', 'Mailsender', 'ya29.a0ATi6K2vGfIceI0HEy9G051-VmTJL-OvxnbKBtIOpUyoaSSW6WFjuGO1CapRs4szELHJtO7QaMON0e3I4DaC1SJTDTAgSIyD9d5Lur6djZF-VePYpcszfRdNCY0QF1vgQthxq1ZixY6ud7HJsPlCZQJM9B8F8gmDNsyI7LrOGvUfP6cqyIYS7cdSvdDX1QSIhc-yc_fcP7QaCgYKAQgSARcSFQHGX2MiWUsA8QIYjeK-4gc7tKVPwA0209', '1//03RBbpzbUtcFiCgYIARAAGAMSNwF-L9IrxDG3UFlJmq-HZQUN9KDeJGH1UEY4_AQoQlKtU1-hjm9acWbEbQAliRFZewzMZSs9hoQ', 'b3464r5a993dd4500455g787jub1727e', '2025-11-05 14:17:43', '', NULL),
	(2, 'admin', '', '21232f297a57a5a743894a0e4a801fc3', 'Főadmin', 'ya29.a0Aa7pCA8e3n1Aja7IBOCaBqYzLuUGuwSBKXP3tNk0kQhlZEFtiUYDAnmgWmGkSW3hIYzD9d8CT1ZhO5_HrM7MzI0KD1GdSEVVujMq-s5FGE2L7FF-1IFgGLmf1SDVECz4kpXLMk58Nt0gQPtIFnpMQrdVykzjwqRHSOee0vkIwH6KTBvwqBCBfCzh6MvFfvuFM6w36cqyNgaCgYKAXwSAQ4SFQHGX2MiQz8dvaPYI9p984AeLYBQwQ0209', '1//03I2Bo4Yf-HM_CgYIARAAGAMSNwF-L9IrOjbeRUm1CQ3SpbcdEV7_nvTcIJmJ0pHCk4BcsrrqwE1HrNlflLivpWwrZQv2LnSGs_U', 'bd9448ca99e4b450045c178283b1727e', '2025-12-09 14:45:15', 'rgb(119 241 205)', NULL),
	(89, 'Rebeka ', 'papp.r.606@gmail.com', '7815696ecbf1c96e6894b779456d330e', 'Admin', 'ya29.a0Aa7pCA-4cCOrnOmuIH1HIiERp7OplVStNmd40mdxoBR7LnhY0oHZSLdQu5TcUftdqASuxOzX0eewl_7qd75Lk7iNSuB0LyIMdix45KGMM1GsEE0_l-9pSuFBT_bk7oeSIiFm2tSTtdiSkHBe-K2kppErSfBkJjnt9t46KzIZ54fZz2A8V5MtBGDb-fR95HnD8iGNJUA_aCgYKASYSARASFQHGX2MiHd8pbDKzoi4LQcO8mbO4Sw0207', '1//03FBJIe_yTeXgCgYIARAAGAMSNwF-L9IrCi6g1k4Tzl28Qx_FgojBNIDiIrL5Q6NxUSknR2zlG-sTOrvaqMX8ZYMHcDhheYiC-s4', 'b4dc4f50ec6ad50835d4fc44c448597f', '2025-12-09 14:33:05', 'rgb(173 11 202)', 1),
	(164, 'Dávid Réczeg', 'reczegd@gmail.com', 'c35312fb3a7e05b7a44db2326bd29040', 'Admin', 'ya29.a0Aa7pCA9VMhPnlbR_QZN8KovYzbf2iKQmcPrlKirYmRtVYzgunIc5jwU5T7jNiUAu8SiUP_W6BvAeLfZu6iHLlMclw-HiIq2epfJTG3X5VEyy6vw6ugoI2ckLueeNiYiVZdHkFctTJ0_haX-etENhegb04ro69FhwCzag-FVD8j421UkhlVQTUiGgWlwutMzVYGLPx6i3aCgYKAZ0SARYSFQHGX2MilF-bHtLLPUi9yWZRMU5CPA0207', '1//03A_xWwLt5uUCCgYIARAAGAMSNwF-L9IrxvDCPHIiyhkiLPnJYuX1hrYhq-rGvrloRoaV1I6u8C-stpGZ0TKflLIy2yEpKBkQm4o', '7085a338ceeaeb38954135ecd9e55ef4', '2025-12-09 10:46:25', 'rgb(214 188 96)', 1),
	(167, 'Benett Brendon Badó ', 'bado.benett.brendon@gmail.com', 'f82fda1a7afeea6174c3f1b7a53470df', 'Admin', 'ya29.a0Aa7pCA8CctSFugET5TfoARl-qexz-6CXwpnO9YaB_syWpdNtrMLfraS-ol3cO45_voOrM7O37q2vPNGlg94wvCXUlmFAuHq0gplQMSful7aVQI7DR1TH3NEBRjnNUpSub-b52-7cxeeE7s8pxuK0XW_1lkxovMoHSOhIU1VxCbsgxUyHkhZhdUb6jIig1TgIzbQXS696fQaCgYKAZ4SAQ4SFQHGX2Mik3lrFd0ZalQPnNpy-JhX9w0209', '1//03mTDsLmcwfQOCgYIARAAGAMSNwF-L9IrKAs0mkTi7V6gWk-9ThhQ_Etc_9micxOL0VsKUy7L15VBTww7lFBIYCuhyyFxC43WUUU', '46d21a4a0dc2b4d2308a0bcb2cc5914a', '2025-12-09 14:50:10', 'rgb(35 232 153)', 1),
	(169, 'Bado Benett', 'badobobo06@gmail.com', '0381f1afb48db2c7ce4b2d45c842435f', 'Admin', 'ya29.a0ATi6K2u9IWGCdNDa5T95TJRBQZpFbZRT0jcl6NYX6dTj7sh-flgw5oyyc45JGWj0BKxQKdy81I0ResP8U0ZHt1Hjr5TEFzgF71jgYAv1rEyVxQTuwS0hN2jewzZq3CM_q3QJoRJz8HyeVLpJTajO8viuTs6yEEBueI7Y7mwRCii0y849QtXDHAEL3e7h5StTWsjpkWzuaCgYKAbISARUSFQHGX2Mi1HccfZ01CIX56Hs0MW8UiQ0207', '1//03oV_L613CMaOCgYIARAAGAMSNwF-L9Irkfi4D_vRBcJS0FTtioQNb_WPVzvD5vl_44_9c1gVJtBGHje-UmugODNAL9BZSucD3y0', '2ece042709108305cc01139e87f66a1d', '2025-12-05 14:00:05', 'rgb(34 28 15)', 2);
/*!40000 ALTER TABLE `Users` ENABLE KEYS */;

/*!40101 SET SQL_MODE=IFNULL(@OLD_SQL_MODE, '') */;
/*!40014 SET FOREIGN_KEY_CHECKS=IFNULL(@OLD_FOREIGN_KEY_CHECKS, 1) */;
/*!40101 SET CHARACTER_SET_CLIENT=@OLD_CHARACTER_SET_CLIENT */;
/*!40111 SET SQL_NOTES=IFNULL(@OLD_SQL_NOTES, 1) */;
